[INFO] Processing batch 1
[INFO] Memory: 0.03 GB
[LAUNCH] /home/kristen/miniconda3/bin/python3 -u -m seasonal_comparison.timestamp_batch_worker /tmp/tmp_4ltegww.json
[WORKER] mpl version: 3.10.5 backend: Agg
[WORKER] cv2 version: 4.12.0
[WORKER] starting
[INFO] Precomputing timestamps...
[WORKER] 3 timestamps in batch
[WORKER] processing idx=0 ts=1650824650.014668

[1/4721] Processing timestamp 1650824650.014668
closest_timestamp:  1650824650014667987
timestamp: 1.650824650014668e+18
delta:  0.0
[INFO] Looking for overlapping frames...
[DEBUG] Found 2421 overlapping May frames
[DEBUG] Found 0 overlapping left frames
[DEBUG] Found 0 overlapping right frames
[WARN] NO FRAMES!
output_path:  ./no_frames/1650824650.014668-no_frames.png
no frames ... returning
[WORKER] done ts=1650824650.014668
[WORKER] processing idx=1 ts=1650824650.214701

[2/4721] Processing timestamp 1650824650.214701
closest_timestamp:  1650824650214700937
timestamp: 1.650824650214701e+18
delta:  0.0
[INFO] Looking for overlapping frames...
[DEBUG] Found 2421 overlapping May frames
[DEBUG] Found 0 overlapping left frames
[DEBUG] Found 0 overlapping right frames
[WARN] NO FRAMES!
output_path:  ./no_frames/1650824650.214701-no_frames.png
no frames ... returning
[WORKER] done ts=1650824650.214701
[WORKER] processing idx=2 ts=1650824650.414594

[3/4721] Processing timestamp 1650824650.414594
closest_timestamp:  1650824650414593935
timestamp: 1.650824650414594e+18
delta:  0.0
[INFO] Looking for overlapping frames...
[DEBUG] Found 2421 overlapping May frames
[DEBUG] Found 0 overlapping left frames
[DEBUG] Found 0 overlapping right frames
[WARN] NO FRAMES!
output_path:  ./no_frames/1650824650.414594-no_frames.png
no frames ... returning
[WORKER] done ts=1650824650.414594
[WORKER] batch complete
[INFO] End of batch process
[INFO] Processing batch 2
[INFO] Memory: 0.03 GB
[LAUNCH] /home/kristen/miniconda3/bin/python3 -u -m seasonal_comparison.timestamp_batch_worker /tmp/tmpmj1r2g05.json
[WORKER] mpl version: 3.10.5 backend: Agg
[WORKER] cv2 version: 4.12.0
[WORKER] starting
[INFO] Precomputing timestamps...
[WORKER] 3 timestamps in batch
[WORKER] processing idx=0 ts=1650824650.614639

[1/4721] Processing timestamp 1650824650.614639
closest_timestamp:  1650824650614639043
timestamp: 1.650824650614639e+18
delta:  0.0
[INFO] Looking for overlapping frames...
[DEBUG] Found 2421 overlapping May frames
[DEBUG] Found 0 overlapping left frames
[DEBUG] Found 0 overlapping right frames
[WARN] NO FRAMES!
output_path:  ./no_frames/1650824650.614639-no_frames.png
no frames ... returning
[WORKER] done ts=1650824650.614639
[WORKER] processing idx=1 ts=1650824650.814922

[2/4721] Processing timestamp 1650824650.814922
closest_timestamp:  1650824650814922094
timestamp: 1.650824650814922e+18
delta:  0.0
[INFO] Looking for overlapping frames...
[DEBUG] Found 2421 overlapping May frames
[DEBUG] Found 0 overlapping left frames
[DEBUG] Found 0 overlapping right frames
[WARN] NO FRAMES!
output_path:  ./no_frames/1650824650.814922-no_frames.png
no frames ... returning
[WORKER] done ts=1650824650.814922
[WORKER] processing idx=2 ts=1650824651.014658

[3/4721] Processing timestamp 1650824651.014658
closest_timestamp:  1650824651014657974
timestamp: 1.650824651014658e+18
delta:  0.0
[INFO] Looking for overlapping frames...
[DEBUG] Found 2421 overlapping May frames
[DEBUG] Found 0 overlapping left frames
[DEBUG] Found 0 overlapping right frames
[WARN] NO FRAMES!
output_path:  ./no_frames/1650824651.014658-no_frames.png
no frames ... returning
[WORKER] done ts=1650824651.014658
[WORKER] batch complete
[INFO] End of batch process
[INFO] Processing batch 3
[INFO] Memory: 0.03 GB
[LAUNCH] /home/kristen/miniconda3/bin/python3 -u -m seasonal_comparison.timestamp_batch_worker /tmp/tmp4zxszcz1.json
[WORKER] mpl version: 3.10.5 backend: Agg
[WORKER] cv2 version: 4.12.0
[WORKER] starting
[INFO] Precomputing timestamps...
[WORKER] 3 timestamps in batch
[WORKER] processing idx=0 ts=1650824651.214612

[1/4721] Processing timestamp 1650824651.214612
closest_timestamp:  1650824651214612007
timestamp: 1.650824651214612e+18
delta:  0.0
[INFO] Looking for overlapping frames...
[DEBUG] Found 2421 overlapping May frames
[DEBUG] Found 0 overlapping left frames
[DEBUG] Found 0 overlapping right frames
[WARN] NO FRAMES!
output_path:  ./no_frames/1650824651.214612-no_frames.png
no frames ... returning
[WORKER] done ts=1650824651.214612
[WORKER] processing idx=1 ts=1650824651.414604

[2/4721] Processing timestamp 1650824651.414604
closest_timestamp:  1650824651414603948
timestamp: 1.650824651414604e+18
delta:  0.0
[INFO] Looking for overlapping frames...
[DEBUG] Found 2421 overlapping May frames
[DEBUG] Found 0 overlapping left frames
[DEBUG] Found 0 overlapping right frames
[WARN] NO FRAMES!
output_path:  ./no_frames/1650824651.414604-no_frames.png
no frames ... returning
[WORKER] done ts=1650824651.414604
[WORKER] processing idx=2 ts=1650824651.614673

[3/4721] Processing timestamp 1650824651.614673
closest_timestamp:  1650824651614672899
timestamp: 1.650824651614673e+18
delta:  0.0
[INFO] Looking for overlapping frames...
[DEBUG] Found 2421 overlapping May frames
[DEBUG] Found 0 overlapping left frames
[DEBUG] Found 0 overlapping right frames
[WARN] NO FRAMES!
output_path:  ./no_frames/1650824651.614673-no_frames.png
no frames ... returning
[WORKER] done ts=1650824651.614673
[WORKER] batch complete
[INFO] End of batch process
[INFO] Processing batch 4
[INFO] Memory: 0.03 GB
[LAUNCH] /home/kristen/miniconda3/bin/python3 -u -m seasonal_comparison.timestamp_batch_worker /tmp/tmpi1f3snct.json
[WORKER] mpl version: 3.10.5 backend: Agg
[WORKER] cv2 version: 4.12.0
[WORKER] starting
[INFO] Precomputing timestamps...
[WORKER] 3 timestamps in batch
[WORKER] processing idx=0 ts=1650824651.814961

[1/4721] Processing timestamp 1650824651.814961
closest_timestamp:  1650824651814960956
timestamp: 1.650824651814961e+18
delta:  0.0
[INFO] Looking for overlapping frames...
[DEBUG] Found 2421 overlapping May frames
[DEBUG] Found 0 overlapping left frames
[DEBUG] Found 0 overlapping right frames
[WARN] NO FRAMES!
output_path:  ./no_frames/1650824651.814961-no_frames.png
no frames ... returning
[WORKER] done ts=1650824651.814961
[WORKER] processing idx=1 ts=1650824652.014602

[2/4721] Processing timestamp 1650824652.014602
closest_timestamp:  1650824652014601945
timestamp: 1.650824652014602e+18
delta:  0.0
[INFO] Looking for overlapping frames...
[DEBUG] Found 2421 overlapping May frames
[DEBUG] Found 0 overlapping left frames
[DEBUG] Found 0 overlapping right frames
[WARN] NO FRAMES!
output_path:  ./no_frames/1650824652.014602-no_frames.png
no frames ... returning
[WORKER] done ts=1650824652.014602
[WORKER] processing idx=2 ts=1650824652.214686

[3/4721] Processing timestamp 1650824652.214686
closest_timestamp:  1650824652214685916
timestamp: 1.650824652214686e+18
delta:  0.0
[INFO] Looking for overlapping frames...
[DEBUG] Found 2421 overlapping May frames
[DEBUG] Found 0 overlapping left frames
[DEBUG] Found 0 overlapping right frames
[WARN] NO FRAMES!
output_path:  ./no_frames/1650824652.214686-no_frames.png
no frames ... returning
[WORKER] done ts=1650824652.214686
[WORKER] batch complete
[INFO] End of batch process
[INFO] Processing batch 5
[INFO] Memory: 0.03 GB
[LAUNCH] /home/kristen/miniconda3/bin/python3 -u -m seasonal_comparison.timestamp_batch_worker /tmp/tmpfumue14t.json
[WORKER] mpl version: 3.10.5 backend: Agg
[WORKER] cv2 version: 4.12.0
[WORKER] starting
[INFO] Precomputing timestamps...
[WORKER] 3 timestamps in batch
[WORKER] processing idx=0 ts=1650824652.414679

[1/4721] Processing timestamp 1650824652.414679
closest_timestamp:  1650824652414679050
timestamp: 1.650824652414679e+18
delta:  0.0
[INFO] Looking for overlapping frames...
[DEBUG] Found 2421 overlapping May frames
[DEBUG] Found 0 overlapping left frames
[DEBUG] Found 0 overlapping right frames
[WARN] NO FRAMES!
output_path:  ./no_frames/1650824652.414679-no_frames.png
no frames ... returning
[WORKER] done ts=1650824652.414679
[WORKER] processing idx=1 ts=1650824652.614617

[2/4721] Processing timestamp 1650824652.614617
closest_timestamp:  1650824652614617109
timestamp: 1.650824652614617e+18
delta:  0.0
[INFO] Looking for overlapping frames...
[DEBUG] Found 2421 overlapping May frames
[DEBUG] Found 0 overlapping left frames
[DEBUG] Found 0 overlapping right frames
[WARN] NO FRAMES!
output_path:  ./no_frames/1650824652.614617-no_frames.png
no frames ... returning
[WORKER] done ts=1650824652.614617
[WORKER] processing idx=2 ts=1650824652.814965

[3/4721] Processing timestamp 1650824652.814965
closest_timestamp:  1650824652814965009
timestamp: 1.650824652814965e+18
delta:  0.0
[INFO] Looking for overlapping frames...
[DEBUG] Found 2421 overlapping May frames
[DEBUG] Found 0 overlapping left frames
[DEBUG] Found 0 overlapping right frames
[WARN] NO FRAMES!
output_path:  ./no_frames/1650824652.814965-no_frames.png
no frames ... returning
[WORKER] done ts=1650824652.814965
[WORKER] batch complete
[INFO] End of batch process
[INFO] Processing batch 6
[INFO] Memory: 0.03 GB
[LAUNCH] /home/kristen/miniconda3/bin/python3 -u -m seasonal_comparison.timestamp_batch_worker /tmp/tmpncrese7i.json
[WORKER] mpl version: 3.10.5 backend: Agg
[WORKER] cv2 version: 4.12.0
[WORKER] starting
[INFO] Precomputing timestamps...
[WORKER] 3 timestamps in batch
[WORKER] processing idx=0 ts=1650824653.014694

[1/4721] Processing timestamp 1650824653.014694
closest_timestamp:  1650824653014693975
timestamp: 1.650824653014694e+18
delta:  0.0
[INFO] Looking for overlapping frames...
[DEBUG] Found 2421 overlapping May frames
[DEBUG] Found 0 overlapping left frames
[DEBUG] Found 0 overlapping right frames
[WARN] NO FRAMES!
output_path:  ./no_frames/1650824653.014694-no_frames.png
no frames ... returning
[WORKER] done ts=1650824653.014694
[WORKER] processing idx=1 ts=1650824653.214588

[2/4721] Processing timestamp 1650824653.214588
closest_timestamp:  1650824653214587926
timestamp: 1.650824653214588e+18
delta:  0.0
[INFO] Looking for overlapping frames...
[DEBUG] Found 2421 overlapping May frames
[DEBUG] Found 0 overlapping left frames
[DEBUG] Found 0 overlapping right frames
[WARN] NO FRAMES!
output_path:  ./no_frames/1650824653.214588-no_frames.png
no frames ... returning
[WORKER] done ts=1650824653.214588
[WORKER] processing idx=2 ts=1650824653.414578

[3/4721] Processing timestamp 1650824653.414578
closest_timestamp:  1650824653414577960
timestamp: 1.650824653414578e+18
delta:  0.0
[INFO] Looking for overlapping frames...
[DEBUG] Found 2421 overlapping May frames
[DEBUG] Found 0 overlapping left frames
[DEBUG] Found 0 overlapping right frames
[WARN] NO FRAMES!
output_path:  ./no_frames/1650824653.414578-no_frames.png
no frames ... returning
[WORKER] done ts=1650824653.414578
[WORKER] batch complete
[INFO] End of batch process
[INFO] Processing batch 7
[INFO] Memory: 0.03 GB
[LAUNCH] /home/kristen/miniconda3/bin/python3 -u -m seasonal_comparison.timestamp_batch_worker /tmp/tmpskjnenn4.json
[WORKER] mpl version: 3.10.5 backend: Agg
[WORKER] cv2 version: 4.12.0
[WORKER] starting
[INFO] Precomputing timestamps...
[WORKER] 3 timestamps in batch
[WORKER] processing idx=0 ts=1650824653.614586

[1/4721] Processing timestamp 1650824653.614586
closest_timestamp:  1650824653614586114
timestamp: 1.650824653614586e+18
delta:  0.0
[INFO] Looking for overlapping frames...
[DEBUG] Found 2421 overlapping May frames
[DEBUG] Found 0 overlapping left frames
[DEBUG] Found 0 overlapping right frames
[WARN] NO FRAMES!
output_path:  ./no_frames/1650824653.614586-no_frames.png
no frames ... returning
[WORKER] done ts=1650824653.614586
[WORKER] processing idx=1 ts=1650824653.814921

[2/4721] Processing timestamp 1650824653.814921
closest_timestamp:  1650824653814920902
timestamp: 1.650824653814921e+18
delta:  0.0
[INFO] Looking for overlapping frames...
[DEBUG] Found 2421 overlapping May frames
[DEBUG] Found 0 overlapping left frames
[DEBUG] Found 0 overlapping right frames
[WARN] NO FRAMES!
output_path:  ./no_frames/1650824653.814921-no_frames.png
no frames ... returning
[WORKER] done ts=1650824653.814921
[WORKER] processing idx=2 ts=1650824654.014599

[3/4721] Processing timestamp 1650824654.014599
closest_timestamp:  1650824654014599084
timestamp: 1.6508246540145992e+18
delta:  0.0
[INFO] Looking for overlapping frames...
[DEBUG] Found 2421 overlapping May frames
[DEBUG] Found 0 overlapping left frames
[DEBUG] Found 0 overlapping right frames
[WARN] NO FRAMES!
output_path:  ./no_frames/1650824654.014599-no_frames.png
no frames ... returning
[WORKER] done ts=1650824654.014599
[WORKER] batch complete
[INFO] End of batch process
[INFO] Processing batch 8
[INFO] Memory: 0.03 GB
[LAUNCH] /home/kristen/miniconda3/bin/python3 -u -m seasonal_comparison.timestamp_batch_worker /tmp/tmprfj49m_1.json
[WORKER] mpl version: 3.10.5 backend: Agg
[WORKER] cv2 version: 4.12.0
[WORKER] starting
[INFO] Precomputing timestamps...
[WORKER] 3 timestamps in batch
[WORKER] processing idx=0 ts=1650824654.214689

[1/4721] Processing timestamp 1650824654.214689
closest_timestamp:  1650824654214689016
timestamp: 1.650824654214689e+18
delta:  0.0
[INFO] Looking for overlapping frames...
[DEBUG] Found 2421 overlapping May frames
[DEBUG] Found 0 overlapping left frames
[DEBUG] Found 0 overlapping right frames
[WARN] NO FRAMES!
output_path:  ./no_frames/1650824654.214689-no_frames.png
no frames ... returning
[WORKER] done ts=1650824654.214689
[WORKER] processing idx=1 ts=1650824654.414609

[2/4721] Processing timestamp 1650824654.414609
closest_timestamp:  1650824654414608955
timestamp: 1.650824654414609e+18
delta:  0.0
[INFO] Looking for overlapping frames...
[DEBUG] Found 2421 overlapping May frames
[DEBUG] Found 0 overlapping left frames
[DEBUG] Found 0 overlapping right frames
[WARN] NO FRAMES!
output_path:  ./no_frames/1650824654.414609-no_frames.png
no frames ... returning
[WORKER] done ts=1650824654.414609
[WORKER] processing idx=2 ts=1650824654.614668

[3/4721] Processing timestamp 1650824654.614668
closest_timestamp:  1650824654614667892
timestamp: 1.6508246546146678e+18
delta:  0.0
[INFO] Looking for overlapping frames...
[DEBUG] Found 2421 overlapping May frames
[DEBUG] Found 0 overlapping left frames
[DEBUG] Found 0 overlapping right frames
[WARN] NO FRAMES!
output_path:  ./no_frames/1650824654.614668-no_frames.png
no frames ... returning
[WORKER] done ts=1650824654.614668
[WORKER] batch complete
[INFO] End of batch process
[INFO] Processing batch 9
[INFO] Memory: 0.03 GB
[LAUNCH] /home/kristen/miniconda3/bin/python3 -u -m seasonal_comparison.timestamp_batch_worker /tmp/tmp96b2w2s9.json
[WORKER] mpl version: 3.10.5 backend: Agg
[WORKER] cv2 version: 4.12.0
[WORKER] starting
[INFO] Precomputing timestamps...
[WORKER] 3 timestamps in batch
[WORKER] processing idx=0 ts=1650824654.814907

[1/4721] Processing timestamp 1650824654.814907
closest_timestamp:  1650824654814907073
timestamp: 1.6508246548149071e+18
delta:  0.0
[INFO] Looking for overlapping frames...
[DEBUG] Found 2421 overlapping May frames
[DEBUG] Found 0 overlapping left frames
[DEBUG] Found 0 overlapping right frames
[WARN] NO FRAMES!
output_path:  ./no_frames/1650824654.814907-no_frames.png
no frames ... returning
[WORKER] done ts=1650824654.814907
[WORKER] processing idx=1 ts=1650824655.014649

[2/4721] Processing timestamp 1650824655.014649
closest_timestamp:  1650824655014648914
timestamp: 1.6508246550146488e+18
delta:  0.0
[INFO] Looking for overlapping frames...
[DEBUG] Found 2421 overlapping May frames
[DEBUG] Found 0 overlapping left frames
[DEBUG] Found 0 overlapping right frames
[WARN] NO FRAMES!
output_path:  ./no_frames/1650824655.014649-no_frames.png
no frames ... returning
[WORKER] done ts=1650824655.014649
[WORKER] processing idx=2 ts=1650824655.214596

[3/4721] Processing timestamp 1650824655.214596
closest_timestamp:  1650824655214596033
timestamp: 1.650824655214596e+18
delta:  0.0
[INFO] Looking for overlapping frames...
[DEBUG] Found 2421 overlapping May frames
[DEBUG] Found 0 overlapping left frames
[DEBUG] Found 0 overlapping right frames
[WARN] NO FRAMES!
output_path:  ./no_frames/1650824655.214596-no_frames.png
no frames ... returning
[WORKER] done ts=1650824655.214596
[WORKER] batch complete
[INFO] End of batch process
[INFO] Processing batch 10
[INFO] Memory: 0.03 GB
[LAUNCH] /home/kristen/miniconda3/bin/python3 -u -m seasonal_comparison.timestamp_batch_worker /tmp/tmp6s1xqbmd.json
[WORKER] mpl version: 3.10.5 backend: Agg
[WORKER] cv2 version: 4.12.0
[WORKER] starting
[INFO] Precomputing timestamps...
[WORKER] 3 timestamps in batch
[WORKER] processing idx=0 ts=1650824655.414562

[1/4721] Processing timestamp 1650824655.414562
closest_timestamp:  1650824655414561986
timestamp: 1.650824655414562e+18
delta:  0.0
[INFO] Looking for overlapping frames...
[DEBUG] Found 2421 overlapping May frames
[DEBUG] Found 0 overlapping left frames
[DEBUG] Found 0 overlapping right frames
[WARN] NO FRAMES!
output_path:  ./no_frames/1650824655.414562-no_frames.png
no frames ... returning
[WORKER] done ts=1650824655.414562
[WORKER] processing idx=1 ts=1650824655.614578

[2/4721] Processing timestamp 1650824655.614578
closest_timestamp:  1650824655614578008
timestamp: 1.650824655614578e+18
delta:  0.0
[INFO] Looking for overlapping frames...
[DEBUG] Found 2421 overlapping May frames
[DEBUG] Found 0 overlapping left frames
[DEBUG] Found 0 overlapping right frames
[WARN] NO FRAMES!
output_path:  ./no_frames/1650824655.614578-no_frames.png
no frames ... returning
[WORKER] done ts=1650824655.614578
[WORKER] processing idx=2 ts=1650824655.8149

[3/4721] Processing timestamp 1650824655.8149
closest_timestamp:  1650824655814899921
timestamp: 1.6508246558149e+18
delta:  0.0
[INFO] Looking for overlapping frames...
[DEBUG] Found 2421 overlapping May frames
[DEBUG] Found 0 overlapping left frames
[DEBUG] Found 0 overlapping right frames
[WARN] NO FRAMES!
output_path:  ./no_frames/1650824655.8149-no_frames.png
no frames ... returning
[WORKER] done ts=1650824655.8149
[WORKER] batch complete
[INFO] End of batch process
[INFO] Processing batch 11
[INFO] Memory: 0.03 GB
[LAUNCH] /home/kristen/miniconda3/bin/python3 -u -m seasonal_comparison.timestamp_batch_worker /tmp/tmpixast8k1.json
[WORKER] mpl version: 3.10.5 backend: Agg
[WORKER] cv2 version: 4.12.0
[WORKER] starting
[INFO] Precomputing timestamps...
[WORKER] 3 timestamps in batch
[WORKER] processing idx=0 ts=1650824656.014655

[1/4721] Processing timestamp 1650824656.014655
closest_timestamp:  1650824656014655113
timestamp: 1.6508246560146552e+18
delta:  0.0
[INFO] Looking for overlapping frames...
[DEBUG] Found 2421 overlapping May frames
[DEBUG] Found 0 overlapping left frames
[DEBUG] Found 0 overlapping right frames
[WARN] NO FRAMES!
output_path:  ./no_frames/1650824656.014655-no_frames.png
no frames ... returning
[WORKER] done ts=1650824656.014655
[WORKER] processing idx=1 ts=1650824656.214618

[2/4721] Processing timestamp 1650824656.214618
closest_timestamp:  1650824656214617967
timestamp: 1.6508246562146179e+18
delta:  0.0
[INFO] Looking for overlapping frames...
[DEBUG] Found 2421 overlapping May frames
[DEBUG] Found 0 overlapping left frames
[DEBUG] Found 0 overlapping right frames
[WARN] NO FRAMES!
output_path:  ./no_frames/1650824656.214618-no_frames.png
no frames ... returning
[WORKER] done ts=1650824656.214618
[WORKER] processing idx=2 ts=1650824656.414589

[3/4721] Processing timestamp 1650824656.414589
closest_timestamp:  1650824656414588928
timestamp: 1.650824656414589e+18
delta:  0.0
[INFO] Looking for overlapping frames...
[DEBUG] Found 2421 overlapping May frames
[DEBUG] Found 0 overlapping left frames
[DEBUG] Found 0 overlapping right frames
[WARN] NO FRAMES!
output_path:  ./no_frames/1650824656.414589-no_frames.png
no frames ... returning
[WORKER] done ts=1650824656.414589
[WORKER] batch complete
[INFO] End of batch process
[INFO] Processing batch 12
[INFO] Memory: 0.03 GB
[LAUNCH] /home/kristen/miniconda3/bin/python3 -u -m seasonal_comparison.timestamp_batch_worker /tmp/tmpo36ejx3o.json
[WORKER] mpl version: 3.10.5 backend: Agg
[WORKER] cv2 version: 4.12.0
[WORKER] starting
[INFO] Precomputing timestamps...
[WORKER] 3 timestamps in batch
[WORKER] processing idx=0 ts=1650824656.614614

[1/4721] Processing timestamp 1650824656.614614
closest_timestamp:  1650824656614614009
timestamp: 1.650824656614614e+18
delta:  0.0
[INFO] Looking for overlapping frames...
[DEBUG] Found 2421 overlapping May frames
[DEBUG] Found 0 overlapping left frames
[DEBUG] Found 0 overlapping right frames
[WARN] NO FRAMES!
output_path:  ./no_frames/1650824656.614614-no_frames.png
no frames ... returning
[WORKER] done ts=1650824656.614614
[WORKER] processing idx=1 ts=1650824656.814904

[2/4721] Processing timestamp 1650824656.814904
closest_timestamp:  1650824656814903974
timestamp: 1.650824656814904e+18
delta:  0.0
[INFO] Looking for overlapping frames...
[DEBUG] Found 2421 overlapping May frames
[DEBUG] Found 0 overlapping left frames
[DEBUG] Found 0 overlapping right frames
[WARN] NO FRAMES!
output_path:  ./no_frames/1650824656.814904-no_frames.png
no frames ... returning
[WORKER] done ts=1650824656.814904
[WORKER] processing idx=2 ts=1650824657.014665

[3/4721] Processing timestamp 1650824657.014665
closest_timestamp:  1650824657014664888
timestamp: 1.650824657014665e+18
delta:  0.0
[INFO] Looking for overlapping frames...
[DEBUG] Found 2421 overlapping May frames
[DEBUG] Found 0 overlapping left frames
[DEBUG] Found 0 overlapping right frames
[WARN] NO FRAMES!
output_path:  ./no_frames/1650824657.014665-no_frames.png
no frames ... returning
[WORKER] done ts=1650824657.014665
[WORKER] batch complete
[INFO] End of batch process
[INFO] Processing batch 13
[INFO] Memory: 0.03 GB
[LAUNCH] /home/kristen/miniconda3/bin/python3 -u -m seasonal_comparison.timestamp_batch_worker /tmp/tmpjwrkhpb6.json
[WORKER] mpl version: 3.10.5 backend: Agg
[WORKER] cv2 version: 4.12.0
[WORKER] starting
[INFO] Precomputing timestamps...
[WORKER] 3 timestamps in batch
[WORKER] processing idx=0 ts=1650824657.214637

[1/4721] Processing timestamp 1650824657.214637
closest_timestamp:  1650824657214637041
timestamp: 1.650824657214637e+18
delta:  0.0
[INFO] Looking for overlapping frames...
[DEBUG] Found 2421 overlapping May frames
[DEBUG] Found 0 overlapping left frames
[DEBUG] Found 0 overlapping right frames
[WARN] NO FRAMES!
output_path:  ./no_frames/1650824657.214637-no_frames.png
no frames ... returning
[WORKER] done ts=1650824657.214637
[WORKER] processing idx=1 ts=1650824657.414592

[2/4721] Processing timestamp 1650824657.414592
closest_timestamp:  1650824657414592027
timestamp: 1.650824657414592e+18
delta:  0.0
[INFO] Looking for overlapping frames...
[DEBUG] Found 2421 overlapping May frames
[DEBUG] Found 0 overlapping left frames
[DEBUG] Found 0 overlapping right frames
[WARN] NO FRAMES!
output_path:  ./no_frames/1650824657.414592-no_frames.png
no frames ... returning
[WORKER] done ts=1650824657.414592
[WORKER] processing idx=2 ts=1650824657.614593

[3/4721] Processing timestamp 1650824657.614593
closest_timestamp:  1650824657614593029
timestamp: 1.650824657614593e+18
delta:  0.0
[INFO] Looking for overlapping frames...
[DEBUG] Found 2421 overlapping May frames
[DEBUG] Found 0 overlapping left frames
[DEBUG] Found 0 overlapping right frames
[WARN] NO FRAMES!
output_path:  ./no_frames/1650824657.614593-no_frames.png
no frames ... returning
[WORKER] done ts=1650824657.614593
[WORKER] batch complete
[INFO] End of batch process
[INFO] Processing batch 14
[INFO] Memory: 0.03 GB
[LAUNCH] /home/kristen/miniconda3/bin/python3 -u -m seasonal_comparison.timestamp_batch_worker /tmp/tmpn4ryq98k.json
[WORKER] mpl version: 3.10.5 backend: Agg
[WORKER] cv2 version: 4.12.0
[WORKER] starting
[INFO] Precomputing timestamps...
[WORKER] 3 timestamps in batch
[WORKER] processing idx=0 ts=1650824657.814809

[1/4721] Processing timestamp 1650824657.814809
closest_timestamp:  1650824657814809083
timestamp: 1.650824657814809e+18
delta:  0.0
[INFO] Looking for overlapping frames...
[DEBUG] Found 2421 overlapping May frames
[DEBUG] Found 0 overlapping left frames
[DEBUG] Found 0 overlapping right frames
[WARN] NO FRAMES!
output_path:  ./no_frames/1650824657.814809-no_frames.png
no frames ... returning
[WORKER] done ts=1650824657.814809
[WORKER] processing idx=1 ts=1650824658.01457

[2/4721] Processing timestamp 1650824658.01457
closest_timestamp:  1650824658014569997
timestamp: 1.65082465801457e+18
delta:  0.0
[INFO] Looking for overlapping frames...
[DEBUG] Found 2421 overlapping May frames
[DEBUG] Found 0 overlapping left frames
[DEBUG] Found 0 overlapping right frames
[WARN] NO FRAMES!
output_path:  ./no_frames/1650824658.01457-no_frames.png
no frames ... returning
[WORKER] done ts=1650824658.01457
[WORKER] processing idx=2 ts=1650824658.214519

[3/4721] Processing timestamp 1650824658.214519
closest_timestamp:  1650824658214519023
timestamp: 1.650824658214519e+18
delta:  0.0
[INFO] Looking for overlapping frames...
[DEBUG] Found 2421 overlapping May frames
[DEBUG] Found 0 overlapping left frames
[DEBUG] Found 0 overlapping right frames
[WARN] NO FRAMES!
output_path:  ./no_frames/1650824658.214519-no_frames.png
no frames ... returning
[WORKER] done ts=1650824658.214519
[WORKER] batch complete
[INFO] End of batch process
[INFO] Processing batch 15
[INFO] Memory: 0.03 GB
[LAUNCH] /home/kristen/miniconda3/bin/python3 -u -m seasonal_comparison.timestamp_batch_worker /tmp/tmpn9kg13yk.json
[WORKER] mpl version: 3.10.5 backend: Agg
[WORKER] cv2 version: 4.12.0
[WORKER] starting
[INFO] Precomputing timestamps...
[WORKER] 3 timestamps in batch
[WORKER] processing idx=0 ts=1650824658.414441

[1/4721] Processing timestamp 1650824658.414441
closest_timestamp:  1650824658414441108
timestamp: 1.6508246584144412e+18
delta:  0.0
[INFO] Looking for overlapping frames...
[DEBUG] Found 2421 overlapping May frames
[DEBUG] Found 0 overlapping left frames
[DEBUG] Found 0 overlapping right frames
[WARN] NO FRAMES!
output_path:  ./no_frames/1650824658.414441-no_frames.png
no frames ... returning
[WORKER] done ts=1650824658.414441
[WORKER] processing idx=1 ts=1650824658.614508

[2/4721] Processing timestamp 1650824658.614508
closest_timestamp:  1650824658614507913
timestamp: 1.650824658614508e+18
delta:  0.0
[INFO] Looking for overlapping frames...
[DEBUG] Found 2421 overlapping May frames
[DEBUG] Found 0 overlapping left frames
[DEBUG] Found 0 overlapping right frames
[WARN] NO FRAMES!
output_path:  ./no_frames/1650824658.614508-no_frames.png
no frames ... returning
[WORKER] done ts=1650824658.614508
[WORKER] processing idx=2 ts=1650824658.814851

[3/4721] Processing timestamp 1650824658.814851
closest_timestamp:  1650824658814851045
timestamp: 1.650824658814851e+18
delta:  0.0
[INFO] Looking for overlapping frames...
[DEBUG] Found 2421 overlapping May frames
[DEBUG] Found 0 overlapping left frames
[DEBUG] Found 0 overlapping right frames
[WARN] NO FRAMES!
output_path:  ./no_frames/1650824658.814851-no_frames.png
no frames ... returning
[WORKER] done ts=1650824658.814851
[WORKER] batch complete
[INFO] End of batch process
[INFO] Processing batch 16
[INFO] Memory: 0.03 GB
[LAUNCH] /home/kristen/miniconda3/bin/python3 -u -m seasonal_comparison.timestamp_batch_worker /tmp/tmpzasmvhtd.json
[WORKER] mpl version: 3.10.5 backend: Agg
[WORKER] cv2 version: 4.12.0
[WORKER] starting
[INFO] Precomputing timestamps...
[WORKER] 3 timestamps in batch
[WORKER] processing idx=0 ts=1650824659.014519

[1/4721] Processing timestamp 1650824659.014519
closest_timestamp:  1650824659014518976
timestamp: 1.650824659014519e+18
delta:  0.0
[INFO] Looking for overlapping frames...
[DEBUG] Found 2421 overlapping May frames
[DEBUG] Found 0 overlapping left frames
[DEBUG] Found 0 overlapping right frames
[WARN] NO FRAMES!
output_path:  ./no_frames/1650824659.014519-no_frames.png
no frames ... returning
[WORKER] done ts=1650824659.014519
[WORKER] processing idx=1 ts=1650824659.21444

[2/4721] Processing timestamp 1650824659.21444
closest_timestamp:  1650824659214440107
timestamp: 1.6508246592144402e+18
delta:  0.0
[INFO] Looking for overlapping frames...
[DEBUG] Found 2421 overlapping May frames
[DEBUG] Found 0 overlapping left frames
[DEBUG] Found 0 overlapping right frames
[WARN] NO FRAMES!
output_path:  ./no_frames/1650824659.21444-no_frames.png
no frames ... returning
[WORKER] done ts=1650824659.21444
[WORKER] processing idx=2 ts=1650824659.414521

[3/4721] Processing timestamp 1650824659.414521
closest_timestamp:  1650824659414520978
timestamp: 1.650824659414521e+18
delta:  0.0
[INFO] Looking for overlapping frames...
[DEBUG] Found 2421 overlapping May frames
[DEBUG] Found 0 overlapping left frames
[DEBUG] Found 0 overlapping right frames
[WARN] NO FRAMES!
output_path:  ./no_frames/1650824659.414521-no_frames.png
no frames ... returning
[WORKER] done ts=1650824659.414521
[WORKER] batch complete
[INFO] End of batch process
[INFO] Processing batch 17
[INFO] Memory: 0.03 GB
[LAUNCH] /home/kristen/miniconda3/bin/python3 -u -m seasonal_comparison.timestamp_batch_worker /tmp/tmp1dhk06gl.json
[WORKER] mpl version: 3.10.5 backend: Agg
[WORKER] cv2 version: 4.12.0
[WORKER] starting
[INFO] Precomputing timestamps...
[WORKER] 3 timestamps in batch
[WORKER] processing idx=0 ts=1650824659.6145

[1/4721] Processing timestamp 1650824659.6145
closest_timestamp:  1650824659614500045
timestamp: 1.6508246596145e+18
delta:  0.0
[INFO] Looking for overlapping frames...
[DEBUG] Found 2421 overlapping May frames
[DEBUG] Found 0 overlapping left frames
[DEBUG] Found 0 overlapping right frames
[WARN] NO FRAMES!
output_path:  ./no_frames/1650824659.6145-no_frames.png
no frames ... returning
[WORKER] done ts=1650824659.6145
[WORKER] processing idx=1 ts=1650824659.814776

[2/4721] Processing timestamp 1650824659.814776
closest_timestamp:  1650824659814775943
timestamp: 1.650824659814776e+18
delta:  0.0
[INFO] Looking for overlapping frames...
[DEBUG] Found 2421 overlapping May frames
[DEBUG] Found 0 overlapping left frames
[DEBUG] Found 0 overlapping right frames
[WARN] NO FRAMES!
output_path:  ./no_frames/1650824659.814776-no_frames.png
no frames ... returning
[WORKER] done ts=1650824659.814776
[WORKER] processing idx=2 ts=1650824660.014551

[3/4721] Processing timestamp 1650824660.014551
closest_timestamp:  1650824660014550924
timestamp: 1.650824660014551e+18
delta:  0.0
[INFO] Looking for overlapping frames...
[DEBUG] Found 2421 overlapping May frames
[DEBUG] Found 0 overlapping left frames
[DEBUG] Found 0 overlapping right frames
[WARN] NO FRAMES!
output_path:  ./no_frames/1650824660.014551-no_frames.png
no frames ... returning
[WORKER] done ts=1650824660.014551
[WORKER] batch complete
[INFO] End of batch process
[INFO] Processing batch 18
[INFO] Memory: 0.03 GB
[LAUNCH] /home/kristen/miniconda3/bin/python3 -u -m seasonal_comparison.timestamp_batch_worker /tmp/tmp811xap7m.json
[WORKER] mpl version: 3.10.5 backend: Agg
[WORKER] cv2 version: 4.12.0
[WORKER] starting
[INFO] Precomputing timestamps...
[WORKER] 3 timestamps in batch
[WORKER] processing idx=0 ts=1650824660.214371

[1/4721] Processing timestamp 1650824660.214371
closest_timestamp:  1650824660214370965
timestamp: 1.650824660214371e+18
delta:  0.0
[INFO] Looking for overlapping frames...
[DEBUG] Found 2421 overlapping May frames
[DEBUG] Found 0 overlapping left frames
[DEBUG] Found 0 overlapping right frames
[WARN] NO FRAMES!
output_path:  ./no_frames/1650824660.214371-no_frames.png
no frames ... returning
[WORKER] done ts=1650824660.214371
[WORKER] processing idx=1 ts=1650824660.414617

[2/4721] Processing timestamp 1650824660.414617
closest_timestamp:  1650824660414617061
timestamp: 1.650824660414617e+18
delta:  0.0
[INFO] Looking for overlapping frames...
[DEBUG] Found 2421 overlapping May frames
[DEBUG] Found 0 overlapping left frames
[DEBUG] Found 0 overlapping right frames
[WARN] NO FRAMES!
output_path:  ./no_frames/1650824660.414617-no_frames.png
no frames ... returning
[WORKER] done ts=1650824660.414617
[WORKER] processing idx=2 ts=1650824660.614595

[3/4721] Processing timestamp 1650824660.614595
closest_timestamp:  1650824660614594936
timestamp: 1.6508246606145948e+18
delta:  0.0
[INFO] Looking for overlapping frames...
[DEBUG] Found 2421 overlapping May frames
[DEBUG] Found 0 overlapping left frames
[DEBUG] Found 0 overlapping right frames
[WARN] NO FRAMES!
output_path:  ./no_frames/1650824660.614595-no_frames.png
no frames ... returning
[WORKER] done ts=1650824660.614595
[WORKER] batch complete
[INFO] End of batch process
[INFO] Processing batch 19
[INFO] Memory: 0.03 GB
[LAUNCH] /home/kristen/miniconda3/bin/python3 -u -m seasonal_comparison.timestamp_batch_worker /tmp/tmpab643z7j.json
[WORKER] mpl version: 3.10.5 backend: Agg
[WORKER] cv2 version: 4.12.0
[WORKER] starting
[INFO] Precomputing timestamps...
[WORKER] 3 timestamps in batch
[WORKER] processing idx=0 ts=1650824660.814929

[1/4721] Processing timestamp 1650824660.814929
closest_timestamp:  1650824660814929008
timestamp: 1.650824660814929e+18
delta:  0.0
[INFO] Looking for overlapping frames...
[DEBUG] Found 2421 overlapping May frames
[DEBUG] Found 0 overlapping left frames
[DEBUG] Found 0 overlapping right frames
[WARN] NO FRAMES!
output_path:  ./no_frames/1650824660.814929-no_frames.png
no frames ... returning
[WORKER] done ts=1650824660.814929
[WORKER] processing idx=1 ts=1650824661.014571

[2/4721] Processing timestamp 1650824661.014571
closest_timestamp:  1650824661014570951
timestamp: 1.650824661014571e+18
delta:  0.0
[INFO] Looking for overlapping frames...
[DEBUG] Found 2421 overlapping May frames
[DEBUG] Found 0 overlapping left frames
[DEBUG] Found 0 overlapping right frames
[WARN] NO FRAMES!
output_path:  ./no_frames/1650824661.014571-no_frames.png
no frames ... returning
[WORKER] done ts=1650824661.014571
[WORKER] processing idx=2 ts=1650824661.21452

[3/4721] Processing timestamp 1650824661.21452
closest_timestamp:  1650824661214519977
timestamp: 1.65082466121452e+18
delta:  0.0
[INFO] Looking for overlapping frames...
[DEBUG] Found 2421 overlapping May frames
[DEBUG] Found 0 overlapping left frames
[DEBUG] Found 0 overlapping right frames
[WARN] NO FRAMES!
output_path:  ./no_frames/1650824661.21452-no_frames.png
no frames ... returning
[WORKER] done ts=1650824661.21452
[WORKER] batch complete
[INFO] End of batch process
[INFO] Processing batch 20
[INFO] Memory: 0.03 GB
[LAUNCH] /home/kristen/miniconda3/bin/python3 -u -m seasonal_comparison.timestamp_batch_worker /tmp/tmpk48lgn89.json
[WORKER] mpl version: 3.10.5 backend: Agg
[WORKER] cv2 version: 4.12.0
[WORKER] starting
[INFO] Precomputing timestamps...
[WORKER] 3 timestamps in batch
[WORKER] processing idx=0 ts=1650824661.414562

[1/4721] Processing timestamp 1650824661.414562
closest_timestamp:  1650824661414561986
timestamp: 1.650824661414562e+18
delta:  0.0
[INFO] Looking for overlapping frames...
[DEBUG] Found 2421 overlapping May frames
[DEBUG] Found 0 overlapping left frames
[DEBUG] Found 0 overlapping right frames
[WARN] NO FRAMES!
output_path:  ./no_frames/1650824661.414562-no_frames.png
no frames ... returning
[WORKER] done ts=1650824661.414562
[WORKER] processing idx=1 ts=1650824661.614605

[2/4721] Processing timestamp 1650824661.614605
closest_timestamp:  1650824661614604949
timestamp: 1.650824661614605e+18
delta:  0.0
[INFO] Looking for overlapping frames...
[DEBUG] Found 2421 overlapping May frames
[DEBUG] Found 0 overlapping left frames
[DEBUG] Found 0 overlapping right frames
[WARN] NO FRAMES!
output_path:  ./no_frames/1650824661.614605-no_frames.png
no frames ... returning
[WORKER] done ts=1650824661.614605
[WORKER] processing idx=2 ts=1650824661.814806

[3/4721] Processing timestamp 1650824661.814806
closest_timestamp:  1650824661814805984
timestamp: 1.650824661814806e+18
delta:  0.0
[INFO] Looking for overlapping frames...
[DEBUG] Found 2421 overlapping May frames
[DEBUG] Found 0 overlapping left frames
[DEBUG] Found 0 overlapping right frames
[WARN] NO FRAMES!
output_path:  ./no_frames/1650824661.814806-no_frames.png
no frames ... returning
[WORKER] done ts=1650824661.814806
[WORKER] batch complete
[INFO] End of batch process
[INFO] Processing batch 21
[INFO] Memory: 0.03 GB
[LAUNCH] /home/kristen/miniconda3/bin/python3 -u -m seasonal_comparison.timestamp_batch_worker /tmp/tmppnneqc2s.json
[WORKER] mpl version: 3.10.5 backend: Agg
[WORKER] cv2 version: 4.12.0
[WORKER] starting
[INFO] Precomputing timestamps...
[WORKER] 3 timestamps in batch
[WORKER] processing idx=0 ts=1650824662.014565

[1/4721] Processing timestamp 1650824662.014565
closest_timestamp:  1650824662014564990
timestamp: 1.6508246620145649e+18
delta:  0.0
[INFO] Looking for overlapping frames...
[DEBUG] Found 2421 overlapping May frames
[DEBUG] Found 0 overlapping left frames
[DEBUG] Found 0 overlapping right frames
[WARN] NO FRAMES!
output_path:  ./no_frames/1650824662.014565-no_frames.png
no frames ... returning
[WORKER] done ts=1650824662.014565
[WORKER] processing idx=1 ts=1650824662.21448

[2/4721] Processing timestamp 1650824662.21448
closest_timestamp:  1650824662214479923
timestamp: 1.65082466221448e+18
delta:  0.0
[INFO] Looking for overlapping frames...
[DEBUG] Found 2421 overlapping May frames
[DEBUG] Found 0 overlapping left frames
[DEBUG] Found 0 overlapping right frames
[WARN] NO FRAMES!
output_path:  ./no_frames/1650824662.21448-no_frames.png
no frames ... returning
[WORKER] done ts=1650824662.21448
[WORKER] processing idx=2 ts=1650824662.414484

[3/4721] Processing timestamp 1650824662.414484
closest_timestamp:  1650824662414484024
timestamp: 1.650824662414484e+18
delta:  0.0
[INFO] Looking for overlapping frames...
[DEBUG] Found 2421 overlapping May frames
[DEBUG] Found 0 overlapping left frames
[DEBUG] Found 0 overlapping right frames
[WARN] NO FRAMES!
output_path:  ./no_frames/1650824662.414484-no_frames.png
no frames ... returning
[WORKER] done ts=1650824662.414484
[WORKER] batch complete
[INFO] End of batch process
[INFO] Processing batch 22
[INFO] Memory: 0.03 GB
[LAUNCH] /home/kristen/miniconda3/bin/python3 -u -m seasonal_comparison.timestamp_batch_worker /tmp/tmpxzctxmgh.json
[WORKER] mpl version: 3.10.5 backend: Agg
[WORKER] cv2 version: 4.12.0
[WORKER] starting
[INFO] Precomputing timestamps...
[WORKER] 3 timestamps in batch
[WORKER] processing idx=0 ts=1650824662.614416

[1/4721] Processing timestamp 1650824662.614416
closest_timestamp:  1650824662614415884
timestamp: 1.650824662614416e+18
delta:  0.0
[INFO] Looking for overlapping frames...
[DEBUG] Found 2421 overlapping May frames
[DEBUG] Found 0 overlapping left frames
[DEBUG] Found 0 overlapping right frames
[WARN] NO FRAMES!
output_path:  ./no_frames/1650824662.614416-no_frames.png
no frames ... returning
[WORKER] done ts=1650824662.614416
[WORKER] processing idx=1 ts=1650824662.814744

[2/4721] Processing timestamp 1650824662.814744
closest_timestamp:  1650824662814743995
timestamp: 1.650824662814744e+18
delta:  0.0
[INFO] Looking for overlapping frames...
[DEBUG] Found 2421 overlapping May frames
[DEBUG] Found 0 overlapping left frames
[DEBUG] Found 0 overlapping right frames
[WARN] NO FRAMES!
output_path:  ./no_frames/1650824662.814744-no_frames.png
no frames ... returning
[WORKER] done ts=1650824662.814744
[WORKER] processing idx=2 ts=1650824663.014586

[3/4721] Processing timestamp 1650824663.014586
closest_timestamp:  1650824663014585971
timestamp: 1.6508246630145859e+18
delta:  0.0
[INFO] Looking for overlapping frames...
[DEBUG] Found 2421 overlapping May frames
[DEBUG] Found 0 overlapping left frames
[DEBUG] Found 0 overlapping right frames
[WARN] NO FRAMES!
output_path:  ./no_frames/1650824663.014586-no_frames.png
no frames ... returning
[WORKER] done ts=1650824663.014586
[WORKER] batch complete
[INFO] End of batch process
[INFO] Processing batch 23
[INFO] Memory: 0.03 GB
[LAUNCH] /home/kristen/miniconda3/bin/python3 -u -m seasonal_comparison.timestamp_batch_worker /tmp/tmpjco0ntl9.json
[WORKER] mpl version: 3.10.5 backend: Agg
[WORKER] cv2 version: 4.12.0
[WORKER] starting
[INFO] Precomputing timestamps...
[WORKER] 3 timestamps in batch
[WORKER] processing idx=0 ts=1650824663.214436

[1/4721] Processing timestamp 1650824663.214436
closest_timestamp:  1650824663214436054
timestamp: 1.650824663214436e+18
delta:  0.0
[INFO] Looking for overlapping frames...
[DEBUG] Found 2421 overlapping May frames
[DEBUG] Found 0 overlapping left frames
[DEBUG] Found 0 overlapping right frames
[WARN] NO FRAMES!
output_path:  ./no_frames/1650824663.214436-no_frames.png
no frames ... returning
[WORKER] done ts=1650824663.214436
[WORKER] processing idx=1 ts=1650824663.414491

[2/4721] Processing timestamp 1650824663.414491
closest_timestamp:  1650824663414490938
timestamp: 1.650824663414491e+18
delta:  0.0
[INFO] Looking for overlapping frames...
[DEBUG] Found 2421 overlapping May frames
[DEBUG] Found 0 overlapping left frames
[DEBUG] Found 0 overlapping right frames
[WARN] NO FRAMES!
output_path:  ./no_frames/1650824663.414491-no_frames.png
no frames ... returning
[WORKER] done ts=1650824663.414491
[WORKER] processing idx=2 ts=1650824663.614443

[3/4721] Processing timestamp 1650824663.614443
closest_timestamp:  1650824663614443063
timestamp: 1.650824663614443e+18
delta:  0.0
[INFO] Looking for overlapping frames...
[DEBUG] Found 2421 overlapping May frames
[DEBUG] Found 0 overlapping left frames
[DEBUG] Found 0 overlapping right frames
[WARN] NO FRAMES!
output_path:  ./no_frames/1650824663.614443-no_frames.png
no frames ... returning
[WORKER] done ts=1650824663.614443
[WORKER] batch complete
[INFO] End of batch process
[INFO] Processing batch 24
[INFO] Memory: 0.03 GB
[LAUNCH] /home/kristen/miniconda3/bin/python3 -u -m seasonal_comparison.timestamp_batch_worker /tmp/tmp2cdu8_p3.json
[WORKER] mpl version: 3.10.5 backend: Agg
[WORKER] cv2 version: 4.12.0
[WORKER] starting
[INFO] Precomputing timestamps...
[WORKER] 3 timestamps in batch
[WORKER] processing idx=0 ts=1650824663.814741

[1/4721] Processing timestamp 1650824663.814741
closest_timestamp:  1650824663814740896
timestamp: 1.650824663814741e+18
delta:  0.0
[INFO] Looking for overlapping frames...
[DEBUG] Found 2421 overlapping May frames
[DEBUG] Found 0 overlapping left frames
[DEBUG] Found 0 overlapping right frames
[WARN] NO FRAMES!
output_path:  ./no_frames/1650824663.814741-no_frames.png
no frames ... returning
[WORKER] done ts=1650824663.814741
[WORKER] processing idx=1 ts=1650824664.014493

[2/4721] Processing timestamp 1650824664.014493
closest_timestamp:  1650824664014492988
timestamp: 1.650824664014493e+18
delta:  0.0
[INFO] Looking for overlapping frames...
[DEBUG] Found 2421 overlapping May frames
[DEBUG] Found 0 overlapping left frames
[DEBUG] Found 0 overlapping right frames
[WARN] NO FRAMES!
output_path:  ./no_frames/1650824664.014493-no_frames.png
no frames ... returning
[WORKER] done ts=1650824664.014493
[WORKER] processing idx=2 ts=1650824664.214521

[3/4721] Processing timestamp 1650824664.214521
closest_timestamp:  1650824664214520931
timestamp: 1.6508246642145208e+18
delta:  0.0
[INFO] Looking for overlapping frames...
[DEBUG] Found 2421 overlapping May frames
[DEBUG] Found 0 overlapping left frames
[DEBUG] Found 0 overlapping right frames
[WARN] NO FRAMES!
output_path:  ./no_frames/1650824664.214521-no_frames.png
no frames ... returning
[WORKER] done ts=1650824664.214521
[WORKER] batch complete
[INFO] End of batch process
[INFO] Processing batch 25
[INFO] Memory: 0.03 GB
[LAUNCH] /home/kristen/miniconda3/bin/python3 -u -m seasonal_comparison.timestamp_batch_worker /tmp/tmp8v3apq0e.json
[WORKER] mpl version: 3.10.5 backend: Agg
[WORKER] cv2 version: 4.12.0
[WORKER] starting
[INFO] Precomputing timestamps...
[WORKER] 3 timestamps in batch
[WORKER] processing idx=0 ts=1650824664.414543

[1/4721] Processing timestamp 1650824664.414543
closest_timestamp:  1650824664414542913
timestamp: 1.6508246644145428e+18
delta:  0.0
[INFO] Looking for overlapping frames...
[DEBUG] Found 2421 overlapping May frames
[DEBUG] Found 0 overlapping left frames
[DEBUG] Found 0 overlapping right frames
[WARN] NO FRAMES!
output_path:  ./no_frames/1650824664.414543-no_frames.png
no frames ... returning
[WORKER] done ts=1650824664.414543
[WORKER] processing idx=1 ts=1650824664.614373

[2/4721] Processing timestamp 1650824664.614373
closest_timestamp:  1650824664614372968
timestamp: 1.6508246646143729e+18
delta:  0.0
[INFO] Looking for overlapping frames...
[DEBUG] Found 2421 overlapping May frames
[DEBUG] Found 0 overlapping left frames
[DEBUG] Found 0 overlapping right frames
[WARN] NO FRAMES!
output_path:  ./no_frames/1650824664.614373-no_frames.png
no frames ... returning
[WORKER] done ts=1650824664.614373
[WORKER] processing idx=2 ts=1650824664.814752

[3/4721] Processing timestamp 1650824664.814752
closest_timestamp:  1650824664814752101
timestamp: 1.650824664814752e+18
delta:  0.0
[INFO] Looking for overlapping frames...
[DEBUG] Found 2421 overlapping May frames
[DEBUG] Found 0 overlapping left frames
[DEBUG] Found 0 overlapping right frames
[WARN] NO FRAMES!
output_path:  ./no_frames/1650824664.814752-no_frames.png
no frames ... returning
[WORKER] done ts=1650824664.814752
[WORKER] batch complete
[INFO] End of batch process
[INFO] Processing batch 26
[INFO] Memory: 0.03 GB
[LAUNCH] /home/kristen/miniconda3/bin/python3 -u -m seasonal_comparison.timestamp_batch_worker /tmp/tmph2kaiz2u.json
[WORKER] mpl version: 3.10.5 backend: Agg
[WORKER] cv2 version: 4.12.0
[WORKER] starting
[INFO] Precomputing timestamps...
[WORKER] 3 timestamps in batch
[WORKER] processing idx=0 ts=1650824665.014437

[1/4721] Processing timestamp 1650824665.014437
closest_timestamp:  1650824665014436960
timestamp: 1.6508246650144369e+18
delta:  0.0
[INFO] Looking for overlapping frames...
[DEBUG] Found 2399 overlapping May frames
[DEBUG] Found 0 overlapping left frames
[DEBUG] Found 0 overlapping right frames
[WARN] NO FRAMES!
output_path:  ./no_frames/1650824665.014437-no_frames.png
no frames ... returning
[WORKER] done ts=1650824665.014437
[WORKER] processing idx=1 ts=1650824665.214403

[2/4721] Processing timestamp 1650824665.214403
closest_timestamp:  1650824665214402914
timestamp: 1.6508246652144028e+18
delta:  0.0
[INFO] Looking for overlapping frames...
[DEBUG] Found 2399 overlapping May frames
[DEBUG] Found 0 overlapping left frames
[DEBUG] Found 0 overlapping right frames
[WARN] NO FRAMES!
output_path:  ./no_frames/1650824665.214403-no_frames.png
no frames ... returning
[WORKER] done ts=1650824665.214403
[WORKER] processing idx=2 ts=1650824665.41439

[3/4721] Processing timestamp 1650824665.41439
closest_timestamp:  1650824665414390087
timestamp: 1.65082466541439e+18
delta:  0.0
[INFO] Looking for overlapping frames...
[DEBUG] Found 2399 overlapping May frames
[DEBUG] Found 0 overlapping left frames
[DEBUG] Found 0 overlapping right frames
[WARN] NO FRAMES!
output_path:  ./no_frames/1650824665.41439-no_frames.png
no frames ... returning
[WORKER] done ts=1650824665.41439
[WORKER] batch complete
[INFO] End of batch process
[INFO] Processing batch 27
[INFO] Memory: 0.03 GB
[LAUNCH] /home/kristen/miniconda3/bin/python3 -u -m seasonal_comparison.timestamp_batch_worker /tmp/tmpt6y8mvl7.json
[WORKER] mpl version: 3.10.5 backend: Agg
[WORKER] cv2 version: 4.12.0
[WORKER] starting
[INFO] Precomputing timestamps...
[WORKER] 3 timestamps in batch
[WORKER] processing idx=0 ts=1650824665.614385

[1/4721] Processing timestamp 1650824665.614385
closest_timestamp:  1650824665614384889
timestamp: 1.650824665614385e+18
delta:  0.0
[INFO] Looking for overlapping frames...
[DEBUG] Found 2399 overlapping May frames
[DEBUG] Found 0 overlapping left frames
[DEBUG] Found 0 overlapping right frames
[WARN] NO FRAMES!
output_path:  ./no_frames/1650824665.614385-no_frames.png
no frames ... returning
[WORKER] done ts=1650824665.614385
[WORKER] processing idx=1 ts=1650824665.814672

[2/4721] Processing timestamp 1650824665.814672
closest_timestamp:  1650824665814671993
timestamp: 1.650824665814672e+18
delta:  0.0
[INFO] Looking for overlapping frames...
[DEBUG] Found 2399 overlapping May frames
[DEBUG] Found 0 overlapping left frames
[DEBUG] Found 0 overlapping right frames
[WARN] NO FRAMES!
output_path:  ./no_frames/1650824665.814672-no_frames.png
no frames ... returning
[WORKER] done ts=1650824665.814672
[WORKER] processing idx=2 ts=1650824666.014482

[3/4721] Processing timestamp 1650824666.014482
closest_timestamp:  1650824666014482021
timestamp: 1.650824666014482e+18
delta:  0.0
[INFO] Looking for overlapping frames...
[DEBUG] Found 2399 overlapping May frames
[DEBUG] Found 0 overlapping left frames
[DEBUG] Found 0 overlapping right frames
[WARN] NO FRAMES!
output_path:  ./no_frames/1650824666.014482-no_frames.png
no frames ... returning
[WORKER] done ts=1650824666.014482
[WORKER] batch complete
[INFO] End of batch process
[INFO] Processing batch 28
[INFO] Memory: 0.03 GB
[LAUNCH] /home/kristen/miniconda3/bin/python3 -u -m seasonal_comparison.timestamp_batch_worker /tmp/tmpb9mvjkng.json
[WORKER] mpl version: 3.10.5 backend: Agg
[WORKER] cv2 version: 4.12.0
[WORKER] starting
[INFO] Precomputing timestamps...
[WORKER] 3 timestamps in batch
[WORKER] processing idx=0 ts=1650824666.214431

[1/4721] Processing timestamp 1650824666.214431
closest_timestamp:  1650824666214431047
timestamp: 1.650824666214431e+18
delta:  0.0
[INFO] Looking for overlapping frames...
[DEBUG] Found 2399 overlapping May frames
[DEBUG] Found 0 overlapping left frames
[DEBUG] Found 0 overlapping right frames
[WARN] NO FRAMES!
output_path:  ./no_frames/1650824666.214431-no_frames.png
no frames ... returning
[WORKER] done ts=1650824666.214431
[WORKER] processing idx=1 ts=1650824666.414452

[2/4721] Processing timestamp 1650824666.414452
closest_timestamp:  1650824666414452075
timestamp: 1.650824666414452e+18
delta:  0.0
[INFO] Looking for overlapping frames...
[DEBUG] Found 2399 overlapping May frames
[DEBUG] Found 0 overlapping left frames
[DEBUG] Found 0 overlapping right frames
[WARN] NO FRAMES!
output_path:  ./no_frames/1650824666.414452-no_frames.png
no frames ... returning
[WORKER] done ts=1650824666.414452
[WORKER] processing idx=2 ts=1650824666.614348

[3/4721] Processing timestamp 1650824666.614348
closest_timestamp:  1650824666614347934
timestamp: 1.650824666614348e+18
delta:  0.0
[INFO] Looking for overlapping frames...
[DEBUG] Found 2399 overlapping May frames
[DEBUG] Found 0 overlapping left frames
[DEBUG] Found 0 overlapping right frames
[WARN] NO FRAMES!
output_path:  ./no_frames/1650824666.614348-no_frames.png
no frames ... returning
[WORKER] done ts=1650824666.614348
[WORKER] batch complete
[INFO] End of batch process
[INFO] Processing batch 29
[INFO] Memory: 0.03 GB
[LAUNCH] /home/kristen/miniconda3/bin/python3 -u -m seasonal_comparison.timestamp_batch_worker /tmp/tmp22_lue8a.json
[WORKER] mpl version: 3.10.5 backend: Agg
[WORKER] cv2 version: 4.12.0
[WORKER] starting
[INFO] Precomputing timestamps...
[WORKER] 3 timestamps in batch
[WORKER] processing idx=0 ts=1650824666.814652

[1/4721] Processing timestamp 1650824666.814652
closest_timestamp:  1650824666814651966
timestamp: 1.650824666814652e+18
delta:  0.0
[INFO] Looking for overlapping frames...
[DEBUG] Found 2399 overlapping May frames
[DEBUG] Found 0 overlapping left frames
[DEBUG] Found 0 overlapping right frames
[WARN] NO FRAMES!
output_path:  ./no_frames/1650824666.814652-no_frames.png
no frames ... returning
[WORKER] done ts=1650824666.814652
[WORKER] processing idx=1 ts=1650824667.014413

[2/4721] Processing timestamp 1650824667.014413
closest_timestamp:  1650824667014413118
timestamp: 1.650824667014413e+18
delta:  0.0
[INFO] Looking for overlapping frames...
[DEBUG] Found 2399 overlapping May frames
[DEBUG] Found 0 overlapping left frames
[DEBUG] Found 0 overlapping right frames
[WARN] NO FRAMES!
output_path:  ./no_frames/1650824667.014413-no_frames.png
no frames ... returning
[WORKER] done ts=1650824667.014413
[WORKER] processing idx=2 ts=1650824667.214336

[3/4721] Processing timestamp 1650824667.214336
closest_timestamp:  1650824667214335918
timestamp: 1.650824667214336e+18
delta:  0.0
[INFO] Looking for overlapping frames...
[DEBUG] Found 2399 overlapping May frames
[DEBUG] Found 0 overlapping left frames
[DEBUG] Found 0 overlapping right frames
[WARN] NO FRAMES!
output_path:  ./no_frames/1650824667.214336-no_frames.png
no frames ... returning
[WORKER] done ts=1650824667.214336
[WORKER] batch complete
[INFO] End of batch process
[INFO] Processing batch 30
[INFO] Memory: 0.03 GB
[LAUNCH] /home/kristen/miniconda3/bin/python3 -u -m seasonal_comparison.timestamp_batch_worker /tmp/tmpnxbku0dc.json
[WORKER] mpl version: 3.10.5 backend: Agg
[WORKER] cv2 version: 4.12.0
[WORKER] starting
[INFO] Precomputing timestamps...
[WORKER] 3 timestamps in batch
[WORKER] processing idx=0 ts=1650824667.414374

[1/4721] Processing timestamp 1650824667.414374
closest_timestamp:  1650824667414374113
timestamp: 1.6508246674143741e+18
delta:  0.0
[INFO] Looking for overlapping frames...
[DEBUG] Found 2399 overlapping May frames
[DEBUG] Found 0 overlapping left frames
[DEBUG] Found 0 overlapping right frames
[WARN] NO FRAMES!
output_path:  ./no_frames/1650824667.414374-no_frames.png
no frames ... returning
[WORKER] done ts=1650824667.414374
[WORKER] processing idx=1 ts=1650824667.61435

[2/4721] Processing timestamp 1650824667.61435
closest_timestamp:  1650824667614350080
timestamp: 1.65082466761435e+18
delta:  0.0
[INFO] Looking for overlapping frames...
[DEBUG] Found 2399 overlapping May frames
[DEBUG] Found 0 overlapping left frames
[DEBUG] Found 0 overlapping right frames
[WARN] NO FRAMES!
output_path:  ./no_frames/1650824667.61435-no_frames.png
no frames ... returning
[WORKER] done ts=1650824667.61435
[WORKER] processing idx=2 ts=1650824667.814701

[3/4721] Processing timestamp 1650824667.814701
closest_timestamp:  1650824667814701080
timestamp: 1.650824667814701e+18
delta:  0.0
[INFO] Looking for overlapping frames...
[DEBUG] Found 2399 overlapping May frames
[DEBUG] Found 0 overlapping left frames
[DEBUG] Found 0 overlapping right frames
[WARN] NO FRAMES!
output_path:  ./no_frames/1650824667.814701-no_frames.png
no frames ... returning
[WORKER] done ts=1650824667.814701
[WORKER] batch complete
[INFO] End of batch process
[INFO] Processing batch 31
[INFO] Memory: 0.03 GB
[LAUNCH] /home/kristen/miniconda3/bin/python3 -u -m seasonal_comparison.timestamp_batch_worker /tmp/tmpnh8zcqgp.json
[WORKER] mpl version: 3.10.5 backend: Agg
[WORKER] cv2 version: 4.12.0
[WORKER] starting
[INFO] Precomputing timestamps...
[WORKER] 3 timestamps in batch
[WORKER] processing idx=0 ts=1650824668.01439

[1/4721] Processing timestamp 1650824668.01439
closest_timestamp:  1650824668014389991
timestamp: 1.65082466801439e+18
delta:  0.0
[INFO] Looking for overlapping frames...
[DEBUG] Found 2399 overlapping May frames
[DEBUG] Found 0 overlapping left frames
[DEBUG] Found 0 overlapping right frames
[WARN] NO FRAMES!
output_path:  ./no_frames/1650824668.01439-no_frames.png
no frames ... returning
[WORKER] done ts=1650824668.01439
[WORKER] processing idx=1 ts=1650824668.21438

[2/4721] Processing timestamp 1650824668.21438
closest_timestamp:  1650824668214380025
timestamp: 1.65082466821438e+18
delta:  0.0
[INFO] Looking for overlapping frames...
[DEBUG] Found 2399 overlapping May frames
[DEBUG] Found 0 overlapping left frames
[DEBUG] Found 0 overlapping right frames
[WARN] NO FRAMES!
output_path:  ./no_frames/1650824668.21438-no_frames.png
no frames ... returning
[WORKER] done ts=1650824668.21438
[WORKER] processing idx=2 ts=1650824668.414455

[3/4721] Processing timestamp 1650824668.414455
closest_timestamp:  1650824668414454936
timestamp: 1.650824668414455e+18
delta:  0.0
[INFO] Looking for overlapping frames...
[DEBUG] Found 2399 overlapping May frames
[DEBUG] Found 0 overlapping left frames
[DEBUG] Found 0 overlapping right frames
[WARN] NO FRAMES!
output_path:  ./no_frames/1650824668.414455-no_frames.png
no frames ... returning
[WORKER] done ts=1650824668.414455
[WORKER] batch complete
[INFO] End of batch process
[INFO] Processing batch 32
[INFO] Memory: 0.03 GB
[LAUNCH] /home/kristen/miniconda3/bin/python3 -u -m seasonal_comparison.timestamp_batch_worker /tmp/tmphcn64jty.json
[WORKER] mpl version: 3.10.5 backend: Agg
[WORKER] cv2 version: 4.12.0
[WORKER] starting
[INFO] Precomputing timestamps...
[WORKER] 3 timestamps in batch
[WORKER] processing idx=0 ts=1650824668.614359

[1/4721] Processing timestamp 1650824668.614359
closest_timestamp:  1650824668614358901
timestamp: 1.6508246686143588e+18
delta:  0.0
[INFO] Looking for overlapping frames...
[DEBUG] Found 2399 overlapping May frames
[DEBUG] Found 0 overlapping left frames
[DEBUG] Found 0 overlapping right frames
[WARN] NO FRAMES!
output_path:  ./no_frames/1650824668.614359-no_frames.png
no frames ... returning
[WORKER] done ts=1650824668.614359
[WORKER] processing idx=1 ts=1650824668.81468

[2/4721] Processing timestamp 1650824668.81468
closest_timestamp:  1650824668814680099
timestamp: 1.65082466881468e+18
delta:  0.0
[INFO] Looking for overlapping frames...
[DEBUG] Found 2399 overlapping May frames
[DEBUG] Found 0 overlapping left frames
[DEBUG] Found 0 overlapping right frames
[WARN] NO FRAMES!
output_path:  ./no_frames/1650824668.81468-no_frames.png
no frames ... returning
[WORKER] done ts=1650824668.81468
[WORKER] processing idx=2 ts=1650824669.014481

[3/4721] Processing timestamp 1650824669.014481
closest_timestamp:  1650824669014481067
timestamp: 1.6508246690144812e+18
delta:  0.0
[INFO] Looking for overlapping frames...
[DEBUG] Found 2399 overlapping May frames
[DEBUG] Found 0 overlapping left frames
[DEBUG] Found 0 overlapping right frames
[WARN] NO FRAMES!
output_path:  ./no_frames/1650824669.014481-no_frames.png
no frames ... returning
[WORKER] done ts=1650824669.014481
[WORKER] batch complete
[INFO] End of batch process
[INFO] Processing batch 33
[INFO] Memory: 0.03 GB
[LAUNCH] /home/kristen/miniconda3/bin/python3 -u -m seasonal_comparison.timestamp_batch_worker /tmp/tmppax6_rc_.json
[WORKER] mpl version: 3.10.5 backend: Agg
[WORKER] cv2 version: 4.12.0
[WORKER] starting
[INFO] Precomputing timestamps...
[WORKER] 3 timestamps in batch
[WORKER] processing idx=0 ts=1650824669.214404

[1/4721] Processing timestamp 1650824669.214404
closest_timestamp:  1650824669214404106
timestamp: 1.650824669214404e+18
delta:  0.0
[INFO] Looking for overlapping frames...
[DEBUG] Found 2399 overlapping May frames
[DEBUG] Found 0 overlapping left frames
[DEBUG] Found 0 overlapping right frames
[WARN] NO FRAMES!
output_path:  ./no_frames/1650824669.214404-no_frames.png
no frames ... returning
[WORKER] done ts=1650824669.214404
[WORKER] processing idx=1 ts=1650824669.414489

[2/4721] Processing timestamp 1650824669.414489
closest_timestamp:  1650824669414489030
timestamp: 1.650824669414489e+18
delta:  0.0
[INFO] Looking for overlapping frames...
[DEBUG] Found 2399 overlapping May frames
[DEBUG] Found 0 overlapping left frames
[DEBUG] Found 0 overlapping right frames
[WARN] NO FRAMES!
output_path:  ./no_frames/1650824669.414489-no_frames.png
no frames ... returning
[WORKER] done ts=1650824669.414489
[WORKER] processing idx=2 ts=1650824669.614391

[3/4721] Processing timestamp 1650824669.614391
closest_timestamp:  1650824669614391088
timestamp: 1.650824669614391e+18
delta:  0.0
[INFO] Looking for overlapping frames...
[DEBUG] Found 2399 overlapping May frames
[DEBUG] Found 0 overlapping left frames
[DEBUG] Found 0 overlapping right frames
[WARN] NO FRAMES!
output_path:  ./no_frames/1650824669.614391-no_frames.png
no frames ... returning
[WORKER] done ts=1650824669.614391
[WORKER] batch complete
[INFO] End of batch process
[INFO] Processing batch 34
[INFO] Memory: 0.03 GB
[LAUNCH] /home/kristen/miniconda3/bin/python3 -u -m seasonal_comparison.timestamp_batch_worker /tmp/tmplyxshpl9.json
[WORKER] mpl version: 3.10.5 backend: Agg
[WORKER] cv2 version: 4.12.0
[WORKER] starting
[INFO] Precomputing timestamps...
[WORKER] 3 timestamps in batch
[WORKER] processing idx=0 ts=1650824669.814665

[1/4721] Processing timestamp 1650824669.814665
closest_timestamp:  1650824669814665079
timestamp: 1.650824669814665e+18
delta:  0.0
[INFO] Looking for overlapping frames...
[DEBUG] Found 2399 overlapping May frames
[DEBUG] Found 0 overlapping left frames
[DEBUG] Found 0 overlapping right frames
[WARN] NO FRAMES!
output_path:  ./no_frames/1650824669.814665-no_frames.png
no frames ... returning
[WORKER] done ts=1650824669.814665
[WORKER] processing idx=1 ts=1650824670.014363

[2/4721] Processing timestamp 1650824670.014363
closest_timestamp:  1650824670014363050
timestamp: 1.6508246700143631e+18
delta:  0.0
[INFO] Looking for overlapping frames...
[DEBUG] Found 2399 overlapping May frames
[DEBUG] Found 0 overlapping left frames
[DEBUG] Found 0 overlapping right frames
[WARN] NO FRAMES!
output_path:  ./no_frames/1650824670.014363-no_frames.png
no frames ... returning
[WORKER] done ts=1650824670.014363
[WORKER] processing idx=2 ts=1650824670.214348

[3/4721] Processing timestamp 1650824670.214348
closest_timestamp:  1650824670214348077
timestamp: 1.650824670214348e+18
delta:  0.0
[INFO] Looking for overlapping frames...
[DEBUG] Found 2399 overlapping May frames
[DEBUG] Found 0 overlapping left frames
[DEBUG] Found 0 overlapping right frames
[WARN] NO FRAMES!
output_path:  ./no_frames/1650824670.214348-no_frames.png
no frames ... returning
[WORKER] done ts=1650824670.214348
[WORKER] batch complete
[INFO] End of batch process
[INFO] Processing batch 35
[INFO] Memory: 0.03 GB
[LAUNCH] /home/kristen/miniconda3/bin/python3 -u -m seasonal_comparison.timestamp_batch_worker /tmp/tmpdrlgtjpu.json
[WORKER] mpl version: 3.10.5 backend: Agg
[WORKER] cv2 version: 4.12.0
[WORKER] starting
[INFO] Precomputing timestamps...
[WORKER] 3 timestamps in batch
[WORKER] processing idx=0 ts=1650824670.41452

[1/4721] Processing timestamp 1650824670.41452
closest_timestamp:  1650824670414520025
timestamp: 1.65082467041452e+18
delta:  0.0
[INFO] Looking for overlapping frames...
[DEBUG] Found 2399 overlapping May frames
[DEBUG] Found 0 overlapping left frames
[DEBUG] Found 0 overlapping right frames
[WARN] NO FRAMES!
output_path:  ./no_frames/1650824670.41452-no_frames.png
no frames ... returning
[WORKER] done ts=1650824670.41452
[WORKER] processing idx=1 ts=1650824670.614352

[2/4721] Processing timestamp 1650824670.614352
closest_timestamp:  1650824670614351987
timestamp: 1.650824670614352e+18
delta:  0.0
[INFO] Looking for overlapping frames...
[INFO] Saved debug plot to /media/kristen/easystore2/RestorebotData/benchmarking_ex/matches_fused_2conmod/debug_ellipse_-109360802_38066051.png
[INFO] wrote: /media/kristen/easystore2/RestorebotData/benchmarking_ex/matches_fused_2conmod/frame_clusters_-109360802_38066051.png
[WARN] Worker timed out; terminating...
[INFO] End of batch process
[INFO] Continuing despite worker error.
[INFO] Processing batch 36
[INFO] Memory: 0.03 GB
[LAUNCH] /home/kristen/miniconda3/bin/python3 -u -m seasonal_comparison.timestamp_batch_worker /tmp/tmpg_wpltnk.json
[WORKER] mpl version: 3.10.5 backend: Agg
[WORKER] cv2 version: 4.12.0
[WORKER] starting
[INFO] Precomputing timestamps...
[WORKER] 3 timestamps in batch
[WORKER] processing idx=0 ts=1650824671.014449

[1/4721] Processing timestamp 1650824671.014449
closest_timestamp:  1650824671014448881
timestamp: 1.650824671014449e+18
delta:  0.0
[INFO] Looking for overlapping frames...
[INFO] Saved debug plot to /media/kristen/easystore2/RestorebotData/benchmarking_ex/matches_fused_2conmod/debug_ellipse_-109360802_38066052.png
[INFO] wrote: /media/kristen/easystore2/RestorebotData/benchmarking_ex/matches_fused_2conmod/frame_clusters_-109360802_38066052.png
[WARN] Worker timed out; terminating...
[INFO] End of batch process
[INFO] Continuing despite worker error.
[INFO] Processing batch 37
[INFO] Memory: 0.03 GB
[LAUNCH] /home/kristen/miniconda3/bin/python3 -u -m seasonal_comparison.timestamp_batch_worker /tmp/tmpe5hs3phk.json
[WORKER] mpl version: 3.10.5 backend: Agg
[WORKER] cv2 version: 4.12.0
[WORKER] starting
[INFO] Precomputing timestamps...
[WORKER] 3 timestamps in batch
[WORKER] processing idx=0 ts=1650824671.614232

[1/4721] Processing timestamp 1650824671.614232
closest_timestamp:  1650824671614232063
timestamp: 1.650824671614232e+18
delta:  0.0
[INFO] Looking for overlapping frames...
[INFO] Saved debug plot to /media/kristen/easystore2/RestorebotData/benchmarking_ex/matches_fused_2conmod/debug_ellipse_-109360801_38066053.png
[WARN] Worker timed out; terminating...
[INFO] End of batch process
[INFO] Continuing despite worker error.
[INFO] Processing batch 38
[INFO] Memory: 0.03 GB
[LAUNCH] /home/kristen/miniconda3/bin/python3 -u -m seasonal_comparison.timestamp_batch_worker /tmp/tmpl9lq8z8u.json
[WORKER] mpl version: 3.10.5 backend: Agg
[WORKER] cv2 version: 4.12.0
[WORKER] starting
[INFO] Precomputing timestamps...
[WORKER] 3 timestamps in batch
[WORKER] processing idx=0 ts=1650824672.214326

[1/4721] Processing timestamp 1650824672.214326
closest_timestamp:  1650824672214325904
timestamp: 1.650824672214326e+18
delta:  0.0
[INFO] Looking for overlapping frames...
[INFO] Saved debug plot to /media/kristen/easystore2/RestorebotData/benchmarking_ex/matches_fused_2conmod/debug_ellipse_-109360801_38066054.png
[WARN] Worker timed out; terminating...
[INFO] End of batch process
[INFO] Continuing despite worker error.
[INFO] Processing batch 39
[INFO] Memory: 0.03 GB
[LAUNCH] /home/kristen/miniconda3/bin/python3 -u -m seasonal_comparison.timestamp_batch_worker /tmp/tmpd598f96o.json
[WORKER] mpl version: 3.10.5 backend: Agg
[WORKER] cv2 version: 4.12.0
[WORKER] starting
[INFO] Precomputing timestamps...
[WORKER] 3 timestamps in batch
[WORKER] processing idx=0 ts=1650824672.814572

[1/4721] Processing timestamp 1650824672.814572
closest_timestamp:  1650824672814572095
timestamp: 1.650824672814572e+18
delta:  0.0
[INFO] Looking for overlapping frames...
[WARN] Worker timed out; terminating...
[INFO] End of batch process
[INFO] Continuing despite worker error.
[INFO] Processing batch 40
[INFO] Memory: 0.03 GB
[LAUNCH] /home/kristen/miniconda3/bin/python3 -u -m seasonal_comparison.timestamp_batch_worker /tmp/tmpn89uadt4.json
[WORKER] mpl version: 3.10.5 backend: Agg
[WORKER] cv2 version: 4.12.0
[WORKER] starting
[INFO] Precomputing timestamps...
[WORKER] 3 timestamps in batch
[WORKER] processing idx=0 ts=1650824673.414357

[1/4721] Processing timestamp 1650824673.414357
closest_timestamp:  1650824673414356946
timestamp: 1.650824673414357e+18
delta:  0.0
[INFO] Looking for overlapping frames...
[WARN] Worker timed out; terminating...
[INFO] End of batch process
[INFO] Continuing despite worker error.
[INFO] Processing batch 41
[INFO] Memory: 0.03 GB
[LAUNCH] /home/kristen/miniconda3/bin/python3 -u -m seasonal_comparison.timestamp_batch_worker /tmp/tmp86l9ahmd.json
[WORKER] mpl version: 3.10.5 backend: Agg
[WORKER] cv2 version: 4.12.0
[WORKER] starting
[INFO] Precomputing timestamps...
[WORKER] 3 timestamps in batch
[WORKER] processing idx=0 ts=1650824674.014294

[1/4721] Processing timestamp 1650824674.014294
closest_timestamp:  1650824674014293909
timestamp: 1.650824674014294e+18
delta:  0.0
[INFO] Looking for overlapping frames...
[WARN] Worker timed out; terminating...
[INFO] End of batch process
[INFO] Continuing despite worker error.
[INFO] Processing batch 42
[INFO] Memory: 0.03 GB
[LAUNCH] /home/kristen/miniconda3/bin/python3 -u -m seasonal_comparison.timestamp_batch_worker /tmp/tmpaggor4lm.json
[WORKER] mpl version: 3.10.5 backend: Agg
[WORKER] cv2 version: 4.12.0
[WORKER] starting
[INFO] Precomputing timestamps...
[WORKER] 3 timestamps in batch
[WORKER] processing idx=0 ts=1650824674.614156

[1/4721] Processing timestamp 1650824674.614156
closest_timestamp:  1650824674614156007
timestamp: 1.650824674614156e+18
delta:  0.0
[INFO] Looking for overlapping frames...
[WARN] Worker timed out; terminating...
[INFO] End of batch process
[INFO] Continuing despite worker error.
[INFO] Processing batch 43
[INFO] Memory: 0.03 GB
[LAUNCH] /home/kristen/miniconda3/bin/python3 -u -m seasonal_comparison.timestamp_batch_worker /tmp/tmp930dxzzw.json
[WORKER] mpl version: 3.10.5 backend: Agg
[WORKER] cv2 version: 4.12.0
[WORKER] starting
[INFO] Precomputing timestamps...
[WORKER] 3 timestamps in batch
[WORKER] processing idx=0 ts=1650824675.214173

[1/4721] Processing timestamp 1650824675.214173
closest_timestamp:  1650824675214173078
timestamp: 1.6508246752141732e+18
delta:  0.0
[INFO] Looking for overlapping frames...
[WARN] Worker timed out; terminating...
[INFO] End of batch process
[INFO] Continuing despite worker error.
[INFO] Processing batch 44
[INFO] Memory: 0.03 GB
[LAUNCH] /home/kristen/miniconda3/bin/python3 -u -m seasonal_comparison.timestamp_batch_worker /tmp/tmpthkmd5ep.json
[WORKER] mpl version: 3.10.5 backend: Agg
[WORKER] cv2 version: 4.12.0
[WORKER] starting
[INFO] Precomputing timestamps...
[WORKER] 3 timestamps in batch
[WORKER] processing idx=0 ts=1650824675.814521

[1/4721] Processing timestamp 1650824675.814521
closest_timestamp:  1650824675814521074
timestamp: 1.650824675814521e+18
delta:  0.0
[INFO] Looking for overlapping frames...
[INFO] Saved debug plot to /media/kristen/easystore2/RestorebotData/benchmarking_ex/matches_fused_2conmod/debug_ellipse_-109360798_38066063.png
[INFO] wrote: /media/kristen/easystore2/RestorebotData/benchmarking_ex/matches_fused_2conmod/frame_clusters_-109360798_38066063.png
[WARN] Worker timed out; terminating...
[INFO] End of batch process
[INFO] Continuing despite worker error.
[INFO] Processing batch 45
[INFO] Memory: 0.03 GB
[LAUNCH] /home/kristen/miniconda3/bin/python3 -u -m seasonal_comparison.timestamp_batch_worker /tmp/tmpcwuf551z.json
[WORKER] mpl version: 3.10.5 backend: Agg
[WORKER] cv2 version: 4.12.0
[WORKER] starting
[INFO] Precomputing timestamps...
[WORKER] 3 timestamps in batch
[WORKER] processing idx=0 ts=1650824676.414323

[1/4721] Processing timestamp 1650824676.414323
closest_timestamp:  1650824676414323091
timestamp: 1.6508246764143232e+18
delta:  0.0
[INFO] Looking for overlapping frames...
[INFO] Saved debug plot to /media/kristen/easystore2/RestorebotData/benchmarking_ex/matches_fused_2conmod/debug_ellipse_-109360798_38066064.png
[INFO] wrote: /media/kristen/easystore2/RestorebotData/benchmarking_ex/matches_fused_2conmod/frame_clusters_-109360798_38066064.png
[WARN] Worker timed out; terminating...
[INFO] End of batch process
[INFO] Continuing despite worker error.
[INFO] Processing batch 46
[INFO] Memory: 0.03 GB
[LAUNCH] /home/kristen/miniconda3/bin/python3 -u -m seasonal_comparison.timestamp_batch_worker /tmp/tmp1fiej4gd.json
[WORKER] mpl version: 3.10.5 backend: Agg
[WORKER] cv2 version: 4.12.0
[WORKER] starting
[INFO] Precomputing timestamps...
[WORKER] 3 timestamps in batch
[WORKER] processing idx=0 ts=1650824677.014351

[1/4721] Processing timestamp 1650824677.014351
closest_timestamp:  1650824677014350891
timestamp: 1.6508246770143508e+18
delta:  0.0
[INFO] Looking for overlapping frames...
[INFO] Saved debug plot to /media/kristen/easystore2/RestorebotData/benchmarking_ex/matches_fused_2conmod/debug_ellipse_-109360797_38066066.png
[INFO] wrote: /media/kristen/easystore2/RestorebotData/benchmarking_ex/matches_fused_2conmod/frame_clusters_-109360797_38066066.png
[WARN] Worker timed out; terminating...
[INFO] End of batch process
[INFO] Continuing despite worker error.
[INFO] Processing batch 47
[INFO] Memory: 0.03 GB
[LAUNCH] /home/kristen/miniconda3/bin/python3 -u -m seasonal_comparison.timestamp_batch_worker /tmp/tmpfpifaxyl.json
[WORKER] mpl version: 3.10.5 backend: Agg
[WORKER] cv2 version: 4.12.0
[WORKER] starting
[INFO] Precomputing timestamps...
[WORKER] 3 timestamps in batch
[WORKER] processing idx=0 ts=1650824677.614306

[1/4721] Processing timestamp 1650824677.614306
closest_timestamp:  1650824677614305973
timestamp: 1.650824677614306e+18
delta:  0.0
[INFO] Looking for overlapping frames...
[INFO] Saved debug plot to /media/kristen/easystore2/RestorebotData/benchmarking_ex/matches_fused_2conmod/debug_ellipse_-109360797_38066067.png
[INFO] wrote: /media/kristen/easystore2/RestorebotData/benchmarking_ex/matches_fused_2conmod/frame_clusters_-109360797_38066067.png
[WARN] Worker timed out; terminating...
[INFO] End of batch process
[INFO] Continuing despite worker error.
[INFO] Processing batch 48
[INFO] Memory: 0.03 GB
[LAUNCH] /home/kristen/miniconda3/bin/python3 -u -m seasonal_comparison.timestamp_batch_worker /tmp/tmpt147ist4.json
[WORKER] mpl version: 3.10.5 backend: Agg
[WORKER] cv2 version: 4.12.0
[WORKER] starting
[INFO] Precomputing timestamps...
[WORKER] 3 timestamps in batch
[WORKER] processing idx=0 ts=1650824678.214241

[1/4721] Processing timestamp 1650824678.214241
closest_timestamp:  1650824678214241027
timestamp: 1.650824678214241e+18
delta:  0.0
[INFO] Looking for overlapping frames...
[INFO] Saved debug plot to /media/kristen/easystore2/RestorebotData/benchmarking_ex/matches_fused_2conmod/debug_ellipse_-109360797_38066069.png
[INFO] wrote: /media/kristen/easystore2/RestorebotData/benchmarking_ex/matches_fused_2conmod/frame_clusters_-109360797_38066069.png
[WARN] Worker timed out; terminating...
[INFO] End of batch process
[INFO] Continuing despite worker error.
[INFO] Processing batch 49
[INFO] Memory: 0.03 GB
[LAUNCH] /home/kristen/miniconda3/bin/python3 -u -m seasonal_comparison.timestamp_batch_worker /tmp/tmppggmgdi0.json
[WORKER] mpl version: 3.10.5 backend: Agg
[WORKER] cv2 version: 4.12.0
[WORKER] starting
[INFO] Precomputing timestamps...
[WORKER] 3 timestamps in batch
[WORKER] processing idx=0 ts=1650824678.814808

[1/4721] Processing timestamp 1650824678.814808
closest_timestamp:  1650824678814807891
timestamp: 1.6508246788148078e+18
delta:  0.0
[INFO] Looking for overlapping frames...
[INFO] Saved debug plot to /media/kristen/easystore2/RestorebotData/benchmarking_ex/matches_fused_2conmod/debug_ellipse_-109360796_38066070.png
[WARN] Worker timed out; terminating...
[INFO] End of batch process
[INFO] Continuing despite worker error.
[INFO] Processing batch 50
[INFO] Memory: 0.03 GB
[LAUNCH] /home/kristen/miniconda3/bin/python3 -u -m seasonal_comparison.timestamp_batch_worker /tmp/tmp8v6784_4.json
[WORKER] mpl version: 3.10.5 backend: Agg
[WORKER] cv2 version: 4.12.0
[WORKER] starting
[INFO] Precomputing timestamps...
[WORKER] 3 timestamps in batch
[WORKER] processing idx=0 ts=1650824679.414203

[1/4721] Processing timestamp 1650824679.414203
closest_timestamp:  1650824679414202928
timestamp: 1.650824679414203e+18
delta:  0.0
[INFO] Looking for overlapping frames...
[INFO] Saved debug plot to /media/kristen/easystore2/RestorebotData/benchmarking_ex/matches_fused_2conmod/debug_ellipse_-109360796_38066072.png
[WARN] Worker timed out; terminating...
[INFO] End of batch process
[INFO] Continuing despite worker error.
[INFO] Processing batch 51
[INFO] Memory: 0.03 GB
[LAUNCH] /home/kristen/miniconda3/bin/python3 -u -m seasonal_comparison.timestamp_batch_worker /tmp/tmpgghieofw.json
[WORKER] mpl version: 3.10.5 backend: Agg
[WORKER] cv2 version: 4.12.0
[WORKER] starting
[INFO] Precomputing timestamps...
[WORKER] 3 timestamps in batch
[WORKER] processing idx=0 ts=1650824680.014188

[1/4721] Processing timestamp 1650824680.014188
closest_timestamp:  1650824680014188051
timestamp: 1.650824680014188e+18
delta:  0.0
[INFO] Looking for overlapping frames...
[INFO] Saved debug plot to /media/kristen/easystore2/RestorebotData/benchmarking_ex/matches_fused_2conmod/debug_ellipse_-109360796_38066072.png
[WARN] Worker timed out; terminating...
[INFO] End of batch process
[INFO] Continuing despite worker error.
[INFO] Processing batch 52
[INFO] Memory: 0.03 GB
[LAUNCH] /home/kristen/miniconda3/bin/python3 -u -m seasonal_comparison.timestamp_batch_worker /tmp/tmpkt87zdii.json
[WORKER] mpl version: 3.10.5 backend: Agg
[WORKER] cv2 version: 4.12.0
[WORKER] starting
[INFO] Precomputing timestamps...
[WORKER] 3 timestamps in batch
[WORKER] processing idx=0 ts=1650824680.614104

[1/4721] Processing timestamp 1650824680.614104
closest_timestamp:  1650824680614104032
timestamp: 1.650824680614104e+18
delta:  0.0
[INFO] Looking for overlapping frames...
[INFO] Saved debug plot to /media/kristen/easystore2/RestorebotData/benchmarking_ex/matches_fused_2conmod/debug_ellipse_-109360796_38066072.png
[WARN] Worker timed out; terminating...
[INFO] End of batch process
[INFO] Continuing despite worker error.
[INFO] Processing batch 53
[INFO] Memory: 0.03 GB
[LAUNCH] /home/kristen/miniconda3/bin/python3 -u -m seasonal_comparison.timestamp_batch_worker /tmp/tmpjhlgxpqp.json
[WORKER] mpl version: 3.10.5 backend: Agg
[WORKER] cv2 version: 4.12.0
[WORKER] starting
[INFO] Precomputing timestamps...
[WORKER] 3 timestamps in batch
[WORKER] processing idx=0 ts=1650824681.214119

[1/4721] Processing timestamp 1650824681.214119
closest_timestamp:  1650824681214118957
timestamp: 1.650824681214119e+18
delta:  0.0
[INFO] Looking for overlapping frames...
[INFO] Saved debug plot to /media/kristen/easystore2/RestorebotData/benchmarking_ex/matches_fused_2conmod/debug_ellipse_-109360796_38066072.png
[WARN] Worker timed out; terminating...
[INFO] End of batch process
[INFO] Continuing despite worker error.
[INFO] Processing batch 54
[INFO] Memory: 0.03 GB
[LAUNCH] /home/kristen/miniconda3/bin/python3 -u -m seasonal_comparison.timestamp_batch_worker /tmp/tmp6dvs_5br.json
[WORKER] mpl version: 3.10.5 backend: Agg
[WORKER] cv2 version: 4.12.0
[WORKER] starting
[INFO] Precomputing timestamps...
[WORKER] 3 timestamps in batch
[WORKER] processing idx=0 ts=1650824681.814437

[1/4721] Processing timestamp 1650824681.814437
closest_timestamp:  1650824681814436912
timestamp: 1.6508246818144369e+18
delta:  0.0
[INFO] Looking for overlapping frames...
[INFO] Saved debug plot to /media/kristen/easystore2/RestorebotData/benchmarking_ex/matches_fused_2conmod/debug_ellipse_-109360795_38066073.png
[WARN] Worker timed out; terminating...
[INFO] End of batch process
[INFO] Continuing despite worker error.
[INFO] Processing batch 55
[INFO] Memory: 0.03 GB
[LAUNCH] /home/kristen/miniconda3/bin/python3 -u -m seasonal_comparison.timestamp_batch_worker /tmp/tmp3q6mwibg.json
[WORKER] mpl version: 3.10.5 backend: Agg
[WORKER] cv2 version: 4.12.0
[WORKER] starting
[INFO] Precomputing timestamps...
[WORKER] 3 timestamps in batch
[WORKER] processing idx=0 ts=1650824682.414131

[1/4721] Processing timestamp 1650824682.414131
closest_timestamp:  1650824682414130926
timestamp: 1.650824682414131e+18
delta:  0.0
[INFO] Looking for overlapping frames...
[INFO] Saved debug plot to /media/kristen/easystore2/RestorebotData/benchmarking_ex/matches_fused_2conmod/debug_ellipse_-109360793_38066067.png
[INFO] wrote: /media/kristen/easystore2/RestorebotData/benchmarking_ex/matches_fused_2conmod/frame_clusters_-109360793_38066067.png
[WARN] Worker timed out; terminating...
[INFO] End of batch process
[INFO] Continuing despite worker error.
[INFO] Processing batch 56
[INFO] Memory: 0.03 GB
[LAUNCH] /home/kristen/miniconda3/bin/python3 -u -m seasonal_comparison.timestamp_batch_worker /tmp/tmp74afnve2.json
[WORKER] mpl version: 3.10.5 backend: Agg
[WORKER] cv2 version: 4.12.0
[WORKER] starting
[INFO] Precomputing timestamps...
[WORKER] 3 timestamps in batch
[WORKER] processing idx=0 ts=1650824683.014137

[1/4721] Processing timestamp 1650824683.014137
closest_timestamp:  1650824683014137029
timestamp: 1.650824683014137e+18
delta:  0.0
[INFO] Looking for overlapping frames...
[INFO] Saved debug plot to /media/kristen/easystore2/RestorebotData/benchmarking_ex/matches_fused_2conmod/debug_ellipse_-109360793_38066068.png
[INFO] wrote: /media/kristen/easystore2/RestorebotData/benchmarking_ex/matches_fused_2conmod/frame_clusters_-109360793_38066068.png
[WARN] Worker timed out; terminating...
[INFO] End of batch process
[INFO] Continuing despite worker error.
[INFO] Processing batch 57
[INFO] Memory: 0.03 GB
[LAUNCH] /home/kristen/miniconda3/bin/python3 -u -m seasonal_comparison.timestamp_batch_worker /tmp/tmpb8zed5lz.json
[WORKER] mpl version: 3.10.5 backend: Agg
[WORKER] cv2 version: 4.12.0
[WORKER] starting
[INFO] Precomputing timestamps...
[WORKER] 3 timestamps in batch
[WORKER] processing idx=0 ts=1650824683.614099

[1/4721] Processing timestamp 1650824683.614099
closest_timestamp:  1650824683614099025
timestamp: 1.650824683614099e+18
delta:  0.0
[INFO] Looking for overlapping frames...
[INFO] Saved debug plot to /media/kristen/easystore2/RestorebotData/benchmarking_ex/matches_fused_2conmod/debug_ellipse_-109360793_38066070.png
[WARN] Worker timed out; terminating...
[INFO] End of batch process
[INFO] Continuing despite worker error.
[INFO] Processing batch 58
[INFO] Memory: 0.03 GB
[LAUNCH] /home/kristen/miniconda3/bin/python3 -u -m seasonal_comparison.timestamp_batch_worker /tmp/tmp92412tqh.json
[WORKER] mpl version: 3.10.5 backend: Agg
[WORKER] cv2 version: 4.12.0
[WORKER] starting
[INFO] Precomputing timestamps...
[WORKER] 3 timestamps in batch
[WORKER] processing idx=0 ts=1650824684.21421

[1/4721] Processing timestamp 1650824684.21421
closest_timestamp:  1650824684214210033
timestamp: 1.65082468421421e+18
delta:  0.0
[INFO] Looking for overlapping frames...
[INFO] Saved debug plot to /media/kristen/easystore2/RestorebotData/benchmarking_ex/matches_fused_2conmod/debug_ellipse_-109360794_38066071.png
[WARN] Worker timed out; terminating...
[INFO] End of batch process
[INFO] Continuing despite worker error.
[INFO] Processing batch 59
[INFO] Memory: 0.03 GB
[LAUNCH] /home/kristen/miniconda3/bin/python3 -u -m seasonal_comparison.timestamp_batch_worker /tmp/tmpko8fsfj6.json
[WORKER] mpl version: 3.10.5 backend: Agg
[WORKER] cv2 version: 4.12.0
[WORKER] starting
[INFO] Precomputing timestamps...
[WORKER] 3 timestamps in batch
[WORKER] processing idx=0 ts=1650824684.814385

[1/4721] Processing timestamp 1650824684.814385
closest_timestamp:  1650824684814384937
timestamp: 1.650824684814385e+18
delta:  0.0
[INFO] Looking for overlapping frames...
[WARN] Worker timed out; terminating...
[INFO] End of batch process
[INFO] Continuing despite worker error.
[INFO] Processing batch 60
[INFO] Memory: 0.03 GB
[LAUNCH] /home/kristen/miniconda3/bin/python3 -u -m seasonal_comparison.timestamp_batch_worker /tmp/tmpn5cxcjuj.json
[WORKER] mpl version: 3.10.5 backend: Agg
[WORKER] cv2 version: 4.12.0
[WORKER] starting
[INFO] Precomputing timestamps...
[WORKER] 3 timestamps in batch
[WORKER] processing idx=0 ts=1650824685.41415

[1/4721] Processing timestamp 1650824685.41415
closest_timestamp:  1650824685414149999
timestamp: 1.65082468541415e+18
delta:  0.0
[INFO] Looking for overlapping frames...
[INFO] Saved debug plot to /media/kristen/easystore2/RestorebotData/benchmarking_ex/matches_fused_2conmod/debug_ellipse_-109360795_38066074.png
[WARN] Worker timed out; terminating...
[INFO] End of batch process
[INFO] Continuing despite worker error.
[INFO] Processing batch 61
[INFO] Memory: 0.03 GB
[LAUNCH] /home/kristen/miniconda3/bin/python3 -u -m seasonal_comparison.timestamp_batch_worker /tmp/tmpe3x9h6a9.json
[WORKER] mpl version: 3.10.5 backend: Agg
[WORKER] cv2 version: 4.12.0
[WORKER] starting
[INFO] Precomputing timestamps...
[WORKER] 3 timestamps in batch
[WORKER] processing idx=0 ts=1650824686.014199

[1/4721] Processing timestamp 1650824686.014199
closest_timestamp:  1650824686014199018
timestamp: 1.650824686014199e+18
delta:  0.0
[INFO] Looking for overlapping frames...
[INFO] Saved debug plot to /media/kristen/easystore2/RestorebotData/benchmarking_ex/matches_fused_2conmod/debug_ellipse_-109360796_38066075.png
[WARN] Worker timed out; terminating...
[INFO] End of batch process
[INFO] Continuing despite worker error.
[INFO] Processing batch 62
[INFO] Memory: 0.03 GB
[LAUNCH] /home/kristen/miniconda3/bin/python3 -u -m seasonal_comparison.timestamp_batch_worker /tmp/tmpmoyhmtfi.json
[WORKER] mpl version: 3.10.5 backend: Agg
[WORKER] cv2 version: 4.12.0
[WORKER] starting
[INFO] Precomputing timestamps...
[WORKER] 3 timestamps in batch
[WORKER] processing idx=0 ts=1650824686.613994

[1/4721] Processing timestamp 1650824686.613994
closest_timestamp:  1650824686613993883
timestamp: 1.650824686613994e+18
delta:  0.0
[INFO] Looking for overlapping frames...
[INFO] Saved debug plot to /media/kristen/easystore2/RestorebotData/benchmarking_ex/matches_fused_2conmod/debug_ellipse_-109360795_38066076.png
[WARN] Worker timed out; terminating...
[INFO] End of batch process
[INFO] Continuing despite worker error.
[INFO] Processing batch 63
[INFO] Memory: 0.03 GB
[LAUNCH] /home/kristen/miniconda3/bin/python3 -u -m seasonal_comparison.timestamp_batch_worker /tmp/tmpg4zqkum3.json
[WORKER] mpl version: 3.10.5 backend: Agg
[WORKER] cv2 version: 4.12.0
[WORKER] starting
[INFO] Precomputing timestamps...
[WORKER] 3 timestamps in batch
[WORKER] processing idx=0 ts=1650824687.214062

[1/4721] Processing timestamp 1650824687.214062
closest_timestamp:  1650824687214061975
timestamp: 1.650824687214062e+18
delta:  0.0
[INFO] Looking for overlapping frames...
[INFO] Saved debug plot to /media/kristen/easystore2/RestorebotData/benchmarking_ex/matches_fused_2conmod/debug_ellipse_-109360793_38066076.png
[INFO] wrote: /media/kristen/easystore2/RestorebotData/benchmarking_ex/matches_fused_2conmod/frame_clusters_-109360793_38066076.png
[WARN] Worker timed out; terminating...
[INFO] End of batch process
[INFO] Continuing despite worker error.
[INFO] Processing batch 64
[INFO] Memory: 0.03 GB
[LAUNCH] /home/kristen/miniconda3/bin/python3 -u -m seasonal_comparison.timestamp_batch_worker /tmp/tmpl2qgjdwl.json
[WORKER] mpl version: 3.10.5 backend: Agg
[WORKER] cv2 version: 4.12.0
[WORKER] starting
[INFO] Precomputing timestamps...
[WORKER] 3 timestamps in batch
[WORKER] processing idx=0 ts=1650824687.814304

[1/4721] Processing timestamp 1650824687.814304
closest_timestamp:  1650824687814304113
timestamp: 1.650824687814304e+18
delta:  0.0
[INFO] Looking for overlapping frames...
[INFO] Saved debug plot to /media/kristen/easystore2/RestorebotData/benchmarking_ex/matches_fused_2conmod/debug_ellipse_-109360794_38066077.png
[INFO] wrote: /media/kristen/easystore2/RestorebotData/benchmarking_ex/matches_fused_2conmod/frame_clusters_-109360794_38066077.png
stitching front images!!
started front stitch thread!
[INFO] Starting front-facing image fusion thread...
output_dir_timestamp:  /media/kristen/easystore2/RestorebotData/benchmarking_ex/matches_fused_2conmod/1650824687814304000
[WARN] Worker timed out; terminating...
[INFO] End of batch process
[INFO] Continuing despite worker error.
[INFO] Processing batch 65
[INFO] Memory: 0.02 GB
[LAUNCH] /home/kristen/miniconda3/bin/python3 -u -m seasonal_comparison.timestamp_batch_worker /tmp/tmp6r6110mq.json
[WORKER] mpl version: 3.10.5 backend: Agg
[WORKER] cv2 version: 4.12.0
[WORKER] starting
[INFO] Precomputing timestamps...
[WORKER] 3 timestamps in batch
[WORKER] processing idx=0 ts=1650824688.414058

[1/4721] Processing timestamp 1650824688.414058
closest_timestamp:  1650824688414057970
timestamp: 1.650824688414058e+18
delta:  0.0
[INFO] Looking for overlapping frames...
[INFO] Saved debug plot to /media/kristen/easystore2/RestorebotData/benchmarking_ex/matches_fused_2conmod/debug_ellipse_-109360794_38066078.png
[WARN] Worker timed out; terminating...
[INFO] End of batch process
[INFO] Continuing despite worker error.
[INFO] Processing batch 66
[INFO] Memory: 0.02 GB
[LAUNCH] /home/kristen/miniconda3/bin/python3 -u -m seasonal_comparison.timestamp_batch_worker /tmp/tmppa53w5om.json
[WORKER] mpl version: 3.10.5 backend: Agg
[WORKER] cv2 version: 4.12.0
[WORKER] starting
[INFO] Precomputing timestamps...
[WORKER] 3 timestamps in batch
[WORKER] processing idx=0 ts=1650824689.01404

[1/4721] Processing timestamp 1650824689.01404
closest_timestamp:  1650824689014039993
timestamp: 1.65082468901404e+18
delta:  0.0
[INFO] Looking for overlapping frames...
[DEBUG] Found 484 overlapping May frames
[DEBUG] Found 0 overlapping left frames
[DEBUG] Found 0 overlapping right frames
[WARN] NO FRAMES!
output_path:  ./no_frames/1650824689.01404-no_frames.png
no frames ... returning
[WORKER] done ts=1650824689.01404
[WORKER] processing idx=1 ts=1650824689.213959

[2/4721] Processing timestamp 1650824689.213959
closest_timestamp:  1650824689213958978
timestamp: 1.650824689213959e+18
delta:  0.0
[INFO] Looking for overlapping frames...
[INFO] Saved debug plot to /media/kristen/easystore2/RestorebotData/benchmarking_ex/matches_fused_2conmod/debug_ellipse_-109360796_38066077.png
[WARN] Worker timed out; terminating...
[INFO] End of batch process
[INFO] Continuing despite worker error.
[INFO] Processing batch 67
[INFO] Memory: 0.02 GB
[LAUNCH] /home/kristen/miniconda3/bin/python3 -u -m seasonal_comparison.timestamp_batch_worker /tmp/tmpnoqha2r4.json
[WORKER] mpl version: 3.10.5 backend: Agg
[WORKER] cv2 version: 4.12.0
[WORKER] starting
[INFO] Precomputing timestamps...
[WORKER] 3 timestamps in batch
[WORKER] processing idx=0 ts=1650824689.614001

[1/4721] Processing timestamp 1650824689.614001
closest_timestamp:  1650824689614001035
timestamp: 1.6508246896140012e+18
delta:  0.0
[INFO] Looking for overlapping frames...
[INFO] Saved debug plot to /media/kristen/easystore2/RestorebotData/benchmarking_ex/matches_fused_2conmod/debug_ellipse_-109360796_38066077.png
[WARN] Worker timed out; terminating...
[INFO] End of batch process
[INFO] Continuing despite worker error.
[INFO] Processing batch 68
[INFO] Memory: 0.02 GB
[LAUNCH] /home/kristen/miniconda3/bin/python3 -u -m seasonal_comparison.timestamp_batch_worker /tmp/tmpv55u7b7j.json
[WORKER] mpl version: 3.10.5 backend: Agg
[WORKER] cv2 version: 4.12.0
[WORKER] starting
[INFO] Precomputing timestamps...
[WORKER] 3 timestamps in batch
[WORKER] processing idx=0 ts=1650824690.214014

[1/4721] Processing timestamp 1650824690.214014
closest_timestamp:  1650824690214014053
timestamp: 1.650824690214014e+18
delta:  0.0
[INFO] Looking for overlapping frames...
[INFO] Saved debug plot to /media/kristen/easystore2/RestorebotData/benchmarking_ex/matches_fused_2conmod/debug_ellipse_-109360797_38066077.png
[INFO] wrote: /media/kristen/easystore2/RestorebotData/benchmarking_ex/matches_fused_2conmod/frame_clusters_-109360797_38066077.png
[WARN] Worker timed out; terminating...
[INFO] End of batch process
[INFO] Continuing despite worker error.
[INFO] Processing batch 69
[INFO] Memory: 0.02 GB
[LAUNCH] /home/kristen/miniconda3/bin/python3 -u -m seasonal_comparison.timestamp_batch_worker /tmp/tmpbz6p9qit.json
[WORKER] mpl version: 3.10.5 backend: Agg
[WORKER] cv2 version: 4.12.0
[WORKER] starting
[INFO] Precomputing timestamps...
[WORKER] 3 timestamps in batch
[WORKER] processing idx=0 ts=1650824690.814335

[1/4721] Processing timestamp 1650824690.814335
closest_timestamp:  1650824690814335107
timestamp: 1.6508246908143352e+18
delta:  0.0
[INFO] Looking for overlapping frames...
[INFO] Saved debug plot to /media/kristen/easystore2/RestorebotData/benchmarking_ex/matches_fused_2conmod/debug_ellipse_-109360796_38066075.png
[WARN] Worker timed out; terminating...
[INFO] End of batch process
[INFO] Continuing despite worker error.
[INFO] Processing batch 70
[INFO] Memory: 0.02 GB
[LAUNCH] /home/kristen/miniconda3/bin/python3 -u -m seasonal_comparison.timestamp_batch_worker /tmp/tmpxi6ae74n.json
[WORKER] mpl version: 3.10.5 backend: Agg
[WORKER] cv2 version: 4.12.0
[WORKER] starting
[INFO] Precomputing timestamps...
[WORKER] 3 timestamps in batch
[WORKER] processing idx=0 ts=1650824691.414088

[1/4721] Processing timestamp 1650824691.414088
closest_timestamp:  1650824691414088010
timestamp: 1.650824691414088e+18
delta:  0.0
[INFO] Looking for overlapping frames...
[INFO] Saved debug plot to /media/kristen/easystore2/RestorebotData/benchmarking_ex/matches_fused_2conmod/debug_ellipse_-109360798_38066075.png
[WARN] Worker timed out; terminating...
[INFO] End of batch process
[INFO] Continuing despite worker error.
[INFO] Processing batch 71
[INFO] Memory: 0.02 GB
[LAUNCH] /home/kristen/miniconda3/bin/python3 -u -m seasonal_comparison.timestamp_batch_worker /tmp/tmp718h8epw.json
[WORKER] mpl version: 3.10.5 backend: Agg
[WORKER] cv2 version: 4.12.0
[WORKER] starting
[INFO] Precomputing timestamps...
[WORKER] 3 timestamps in batch
[WORKER] processing idx=0 ts=1650824692.014203

[1/4721] Processing timestamp 1650824692.014203
closest_timestamp:  1650824692014203071
timestamp: 1.6508246920142031e+18
delta:  0.0
[INFO] Looking for overlapping frames...
[INFO] Saved debug plot to /media/kristen/easystore2/RestorebotData/benchmarking_ex/matches_fused_2conmod/debug_ellipse_-109360799_38066073.png
[INFO] wrote: /media/kristen/easystore2/RestorebotData/benchmarking_ex/matches_fused_2conmod/frame_clusters_-109360799_38066073.png
[WARN] Worker timed out; terminating...
[INFO] End of batch process
[INFO] Continuing despite worker error.
[INFO] Processing batch 72
[INFO] Memory: 0.02 GB
[LAUNCH] /home/kristen/miniconda3/bin/python3 -u -m seasonal_comparison.timestamp_batch_worker /tmp/tmprfa6hvkf.json
[WORKER] mpl version: 3.10.5 backend: Agg
[WORKER] cv2 version: 4.12.0
[WORKER] starting
[INFO] Precomputing timestamps...
[WORKER] 3 timestamps in batch
[WORKER] processing idx=0 ts=1650824692.614003

[1/4721] Processing timestamp 1650824692.614003
closest_timestamp:  1650824692614002943
timestamp: 1.650824692614003e+18
delta:  0.0
[INFO] Looking for overlapping frames...
[INFO] Saved debug plot to /media/kristen/easystore2/RestorebotData/benchmarking_ex/matches_fused_2conmod/debug_ellipse_-109360799_38066071.png
[WARN] Worker timed out; terminating...
[INFO] End of batch process
[INFO] Continuing despite worker error.
[INFO] Processing batch 73
[INFO] Memory: 0.02 GB
[LAUNCH] /home/kristen/miniconda3/bin/python3 -u -m seasonal_comparison.timestamp_batch_worker /tmp/tmpvuf7j532.json
[WORKER] mpl version: 3.10.5 backend: Agg
[WORKER] cv2 version: 4.12.0
[WORKER] starting
[INFO] Precomputing timestamps...
[WORKER] 3 timestamps in batch
[WORKER] processing idx=0 ts=1650824693.213872

[1/4721] Processing timestamp 1650824693.213872
closest_timestamp:  1650824693213871955
timestamp: 1.6508246932138719e+18
delta:  0.0
[INFO] Looking for overlapping frames...
[INFO] Saved debug plot to /media/kristen/easystore2/RestorebotData/benchmarking_ex/matches_fused_2conmod/debug_ellipse_-109360794_38066062.png
[INFO] wrote: /media/kristen/easystore2/RestorebotData/benchmarking_ex/matches_fused_2conmod/frame_clusters_-109360794_38066062.png
[stitch stdout]
[ERROR] Stitching failure: 2 or more Images needed
stitched_img is None ... moving on
[stitch stdout]
[WARN] Worker timed out; terminating...
[INFO] End of batch process
[INFO] Continuing despite worker error.
[INFO] Processing batch 74
[INFO] Memory: 0.02 GB
[LAUNCH] /home/kristen/miniconda3/bin/python3 -u -m seasonal_comparison.timestamp_batch_worker /tmp/tmp787rs9wc.json
[WORKER] mpl version: 3.10.5 backend: Agg
[WORKER] cv2 version: 4.12.0
[WORKER] starting
[INFO] Precomputing timestamps...
[WORKER] 3 timestamps in batch
[WORKER] processing idx=0 ts=1650824693.814223

[1/4721] Processing timestamp 1650824693.814223
closest_timestamp:  1650824693814223051
timestamp: 1.650824693814223e+18
delta:  0.0
[INFO] Looking for overlapping frames...
[INFO] Saved debug plot to /media/kristen/easystore2/RestorebotData/benchmarking_ex/matches_fused_2conmod/debug_ellipse_-109360798_38066063.png
[INFO] wrote: /media/kristen/easystore2/RestorebotData/benchmarking_ex/matches_fused_2conmod/frame_clusters_-109360798_38066063.png
[WARN] Worker timed out; terminating...
[INFO] End of batch process
[INFO] Continuing despite worker error.
[INFO] Processing batch 75
[INFO] Memory: 0.02 GB
[LAUNCH] /home/kristen/miniconda3/bin/python3 -u -m seasonal_comparison.timestamp_batch_worker /tmp/tmp1cnt5sq0.json
[WORKER] mpl version: 3.10.5 backend: Agg
[WORKER] cv2 version: 4.12.0
[WORKER] starting
[INFO] Precomputing timestamps...
[WORKER] 3 timestamps in batch
[WORKER] processing idx=0 ts=1650824694.414038

[1/4721] Processing timestamp 1650824694.414038
closest_timestamp:  1650824694414037942
timestamp: 1.650824694414038e+18
delta:  0.0
[INFO] Looking for overlapping frames...
[INFO] Saved debug plot to /media/kristen/easystore2/RestorebotData/benchmarking_ex/matches_fused_2conmod/debug_ellipse_-109360794_38066060.png
[INFO] wrote: /media/kristen/easystore2/RestorebotData/benchmarking_ex/matches_fused_2conmod/frame_clusters_-109360794_38066060.png
[stitch stdout]
[ERROR] Stitching failure: 2 or more Images needed
stitched_img is None ... moving on
[WARN] Worker timed out; terminating...
[INFO] End of batch process
[INFO] Continuing despite worker error.
[INFO] Processing batch 76
[INFO] Memory: 0.02 GB
[LAUNCH] /home/kristen/miniconda3/bin/python3 -u -m seasonal_comparison.timestamp_batch_worker /tmp/tmp_bqk8mo8.json
[WORKER] mpl version: 3.10.5 backend: Agg
[WORKER] cv2 version: 4.12.0
[WORKER] starting
[INFO] Precomputing timestamps...
[WORKER] 3 timestamps in batch
[WORKER] processing idx=0 ts=1650824695.01393

[1/4721] Processing timestamp 1650824695.01393
closest_timestamp:  1650824695013930082
timestamp: 1.65082469501393e+18
delta:  0.0
[INFO] Looking for overlapping frames...
[INFO] Saved debug plot to /media/kristen/easystore2/RestorebotData/benchmarking_ex/matches_fused_2conmod/debug_ellipse_-109360795_38066060.png
[INFO] wrote: /media/kristen/easystore2/RestorebotData/benchmarking_ex/matches_fused_2conmod/frame_clusters_-109360795_38066060.png
[WARN] Worker timed out; terminating...
[INFO] End of batch process
[INFO] Continuing despite worker error.
[INFO] Processing batch 77
[INFO] Memory: 0.02 GB
[LAUNCH] /home/kristen/miniconda3/bin/python3 -u -m seasonal_comparison.timestamp_batch_worker /tmp/tmpx9pr7r3i.json
[WORKER] mpl version: 3.10.5 backend: Agg
[WORKER] cv2 version: 4.12.0
[WORKER] starting
[INFO] Precomputing timestamps...
[WORKER] 3 timestamps in batch
[WORKER] processing idx=0 ts=1650824695.613899

[1/4721] Processing timestamp 1650824695.613899
closest_timestamp:  1650824695613898992
timestamp: 1.650824695613899e+18
delta:  0.0
[INFO] Looking for overlapping frames...
[INFO] Saved debug plot to /media/kristen/easystore2/RestorebotData/benchmarking_ex/matches_fused_2conmod/debug_ellipse_-109360797_38066060.png
[INFO] wrote: /media/kristen/easystore2/RestorebotData/benchmarking_ex/matches_fused_2conmod/frame_clusters_-109360797_38066060.png
[WARN] Worker timed out; terminating...
[INFO] End of batch process
[INFO] Continuing despite worker error.
[INFO] Processing batch 78
[INFO] Memory: 0.02 GB
[LAUNCH] /home/kristen/miniconda3/bin/python3 -u -m seasonal_comparison.timestamp_batch_worker /tmp/tmpgyfsftmj.json
[WORKER] mpl version: 3.10.5 backend: Agg
[WORKER] cv2 version: 4.12.0
[WORKER] starting
[INFO] Precomputing timestamps...
[WORKER] 3 timestamps in batch
[WORKER] processing idx=0 ts=1650824696.214002

[1/4721] Processing timestamp 1650824696.214002
closest_timestamp:  1650824696214001893
timestamp: 1.650824696214002e+18
delta:  0.0
[INFO] Looking for overlapping frames...
[INFO] Saved debug plot to /media/kristen/easystore2/RestorebotData/benchmarking_ex/matches_fused_2conmod/debug_ellipse_-109360798_38066059.png
[INFO] wrote: /media/kristen/easystore2/RestorebotData/benchmarking_ex/matches_fused_2conmod/frame_clusters_-109360798_38066059.png
[WARN] Worker timed out; terminating...
[INFO] End of batch process
[INFO] Continuing despite worker error.
[INFO] Processing batch 79
[INFO] Memory: 0.02 GB
[LAUNCH] /home/kristen/miniconda3/bin/python3 -u -m seasonal_comparison.timestamp_batch_worker /tmp/tmp9txtubsm.json
[WORKER] mpl version: 3.10.5 backend: Agg
[WORKER] cv2 version: 4.12.0
[WORKER] starting
[INFO] Precomputing timestamps...
[WORKER] 3 timestamps in batch
[WORKER] processing idx=0 ts=1650824696.814243

[1/4721] Processing timestamp 1650824696.814243
closest_timestamp:  1650824696814243078
timestamp: 1.650824696814243e+18
delta:  0.0
[INFO] Looking for overlapping frames...
[WARN] Worker timed out; terminating...
[INFO] End of batch process
[INFO] Continuing despite worker error.
[INFO] Processing batch 80
[INFO] Memory: 0.02 GB
[LAUNCH] /home/kristen/miniconda3/bin/python3 -u -m seasonal_comparison.timestamp_batch_worker /tmp/tmp7z8233cf.json
[WORKER] mpl version: 3.10.5 backend: Agg
[WORKER] cv2 version: 4.12.0
[WORKER] starting
[INFO] Precomputing timestamps...
[WORKER] 3 timestamps in batch
[WORKER] processing idx=0 ts=1650824697.413876

[1/4721] Processing timestamp 1650824697.413876
closest_timestamp:  1650824697413876056
timestamp: 1.650824697413876e+18
delta:  0.0
[INFO] Looking for overlapping frames...
[WARN] Worker timed out; terminating...
[INFO] End of batch process
[INFO] Continuing despite worker error.
[INFO] Processing batch 81
[INFO] Memory: 0.02 GB
[LAUNCH] /home/kristen/miniconda3/bin/python3 -u -m seasonal_comparison.timestamp_batch_worker /tmp/tmprm0gn4pb.json
[WORKER] mpl version: 3.10.5 backend: Agg
[WORKER] cv2 version: 4.12.0
[WORKER] starting
[INFO] Precomputing timestamps...
[WORKER] 3 timestamps in batch
[WORKER] processing idx=0 ts=1650824698.013867

[1/4721] Processing timestamp 1650824698.013867
closest_timestamp:  1650824698013866901
timestamp: 1.650824698013867e+18
delta:  0.0
[INFO] Looking for overlapping frames...
[WARN] Worker timed out; terminating...
[INFO] End of batch process
[INFO] Continuing despite worker error.
[INFO] Processing batch 82
[INFO] Memory: 0.02 GB
[LAUNCH] /home/kristen/miniconda3/bin/python3 -u -m seasonal_comparison.timestamp_batch_worker /tmp/tmpr3wzh1zx.json
[WORKER] mpl version: 3.10.5 backend: Agg
[WORKER] cv2 version: 4.12.0
[WORKER] starting
[INFO] Precomputing timestamps...
[WORKER] 3 timestamps in batch
[WORKER] processing idx=0 ts=1650824698.613848

[1/4721] Processing timestamp 1650824698.613848
closest_timestamp:  1650824698613847970
timestamp: 1.650824698613848e+18
delta:  0.0
[INFO] Looking for overlapping frames...
[WARN] Worker timed out; terminating...
[INFO] End of batch process
[INFO] Continuing despite worker error.
[INFO] Processing batch 83
[INFO] Memory: 0.02 GB
[LAUNCH] /home/kristen/miniconda3/bin/python3 -u -m seasonal_comparison.timestamp_batch_worker /tmp/tmpvj7x487v.json
[WORKER] mpl version: 3.10.5 backend: Agg
[WORKER] cv2 version: 4.12.0
[WORKER] starting
[INFO] Precomputing timestamps...
[WORKER] 3 timestamps in batch
[WORKER] processing idx=0 ts=1650824699.213841

[1/4721] Processing timestamp 1650824699.213841
closest_timestamp:  1650824699213840961
timestamp: 1.650824699213841e+18
delta:  0.0
[INFO] Looking for overlapping frames...
[WARN] Worker timed out; terminating...
[INFO] End of batch process
[INFO] Continuing despite worker error.
[INFO] Processing batch 84
[INFO] Memory: 0.02 GB
[LAUNCH] /home/kristen/miniconda3/bin/python3 -u -m seasonal_comparison.timestamp_batch_worker /tmp/tmps4eeokht.json
[WORKER] mpl version: 3.10.5 backend: Agg
[WORKER] cv2 version: 4.12.0
[WORKER] starting
[INFO] Precomputing timestamps...
[WORKER] 3 timestamps in batch
[WORKER] processing idx=0 ts=1650824699.814184

[1/4721] Processing timestamp 1650824699.814184
closest_timestamp:  1650824699814183950
timestamp: 1.650824699814184e+18
delta:  0.0
[INFO] Looking for overlapping frames...
[WARN] Worker timed out; terminating...
[INFO] End of batch process
[INFO] Continuing despite worker error.
[INFO] Processing batch 85
[INFO] Memory: 0.02 GB
[LAUNCH] /home/kristen/miniconda3/bin/python3 -u -m seasonal_comparison.timestamp_batch_worker /tmp/tmphou0x05a.json
[WORKER] mpl version: 3.10.5 backend: Agg
[WORKER] cv2 version: 4.12.0
[WORKER] starting
[INFO] Precomputing timestamps...
[WORKER] 3 timestamps in batch
[WORKER] processing idx=0 ts=1650824700.413812

[1/4721] Processing timestamp 1650824700.413812
closest_timestamp:  1650824700413811922
timestamp: 1.650824700413812e+18
delta:  0.0
[INFO] Looking for overlapping frames...
[WARN] Worker timed out; terminating...
[INFO] End of batch process
[INFO] Continuing despite worker error.
[INFO] Processing batch 86
[INFO] Memory: 0.02 GB
[LAUNCH] /home/kristen/miniconda3/bin/python3 -u -m seasonal_comparison.timestamp_batch_worker /tmp/tmp_y35wxm5.json
[WORKER] mpl version: 3.10.5 backend: Agg
[WORKER] cv2 version: 4.12.0
[WORKER] starting
[INFO] Precomputing timestamps...
[WORKER] 3 timestamps in batch
[WORKER] processing idx=0 ts=1650824701.013832

[1/4721] Processing timestamp 1650824701.013832
closest_timestamp:  1650824701013832092
timestamp: 1.6508247010138322e+18
delta:  0.0
[INFO] Looking for overlapping frames...
[WARN] Worker timed out; terminating...
[INFO] End of batch process
[INFO] Continuing despite worker error.
[INFO] Processing batch 87
[INFO] Memory: 0.02 GB
[LAUNCH] /home/kristen/miniconda3/bin/python3 -u -m seasonal_comparison.timestamp_batch_worker /tmp/tmp22e_9umd.json
[WORKER] mpl version: 3.10.5 backend: Agg
[WORKER] cv2 version: 4.12.0
[WORKER] starting
[INFO] Precomputing timestamps...
[WORKER] 3 timestamps in batch
[WORKER] processing idx=0 ts=1650824701.613855

[1/4721] Processing timestamp 1650824701.613855
closest_timestamp:  1650824701613854885
timestamp: 1.650824701613855e+18
delta:  0.0
[INFO] Looking for overlapping frames...
[WARN] Worker timed out; terminating...
[INFO] End of batch process
[INFO] Continuing despite worker error.
[INFO] Processing batch 88
[INFO] Memory: 0.02 GB
[LAUNCH] /home/kristen/miniconda3/bin/python3 -u -m seasonal_comparison.timestamp_batch_worker /tmp/tmpf6laz1p3.json
[WORKER] mpl version: 3.10.5 backend: Agg
[WORKER] cv2 version: 4.12.0
[WORKER] starting
[INFO] Precomputing timestamps...
[WORKER] 3 timestamps in batch
[WORKER] processing idx=0 ts=1650824702.213787

[1/4721] Processing timestamp 1650824702.213787
closest_timestamp:  1650824702213787078
timestamp: 1.6508247022137871e+18
delta:  0.0
[INFO] Looking for overlapping frames...
[WARN] Worker timed out; terminating...
[INFO] End of batch process
[INFO] Continuing despite worker error.
[INFO] Processing batch 89
[INFO] Memory: 0.02 GB
[LAUNCH] /home/kristen/miniconda3/bin/python3 -u -m seasonal_comparison.timestamp_batch_worker /tmp/tmps8uup89b.json
[WORKER] mpl version: 3.10.5 backend: Agg
[WORKER] cv2 version: 4.12.0
[WORKER] starting
[INFO] Precomputing timestamps...
[WORKER] 3 timestamps in batch
[WORKER] processing idx=0 ts=1650824702.814135

[1/4721] Processing timestamp 1650824702.814135
closest_timestamp:  1650824702814135074
timestamp: 1.650824702814135e+18
delta:  0.0
[INFO] Looking for overlapping frames...
[WARN] Worker timed out; terminating...
[INFO] End of batch process
[INFO] Continuing despite worker error.
[INFO] Processing batch 90
[INFO] Memory: 0.02 GB
[LAUNCH] /home/kristen/miniconda3/bin/python3 -u -m seasonal_comparison.timestamp_batch_worker /tmp/tmph9uqzch5.json
[WORKER] mpl version: 3.10.5 backend: Agg
[WORKER] cv2 version: 4.12.0
[WORKER] starting
[INFO] Precomputing timestamps...
[WORKER] 3 timestamps in batch
[WORKER] processing idx=0 ts=1650824703.413729

[1/4721] Processing timestamp 1650824703.413729
closest_timestamp:  1650824703413728952
timestamp: 1.650824703413729e+18
delta:  0.0
[INFO] Looking for overlapping frames...
[WARN] Worker timed out; terminating...
[INFO] End of batch process
[INFO] Continuing despite worker error.
[INFO] Processing batch 91
[INFO] Memory: 0.02 GB
[LAUNCH] /home/kristen/miniconda3/bin/python3 -u -m seasonal_comparison.timestamp_batch_worker /tmp/tmppp5qykn3.json
[WORKER] mpl version: 3.10.5 backend: Agg
[WORKER] cv2 version: 4.12.0
[WORKER] starting
[INFO] Precomputing timestamps...
[WORKER] 3 timestamps in batch
[WORKER] processing idx=0 ts=1650824704.013807

[1/4721] Processing timestamp 1650824704.013807
closest_timestamp:  1650824704013807058
timestamp: 1.650824704013807e+18
delta:  0.0
[INFO] Looking for overlapping frames...
[WARN] Worker timed out; terminating...
[INFO] End of batch process
[INFO] Continuing despite worker error.
[INFO] Processing batch 92
[INFO] Memory: 0.02 GB
[LAUNCH] /home/kristen/miniconda3/bin/python3 -u -m seasonal_comparison.timestamp_batch_worker /tmp/tmp1_ah80lr.json
[WORKER] mpl version: 3.10.5 backend: Agg
[WORKER] cv2 version: 4.12.0
[WORKER] starting
[INFO] Precomputing timestamps...
[WORKER] 3 timestamps in batch
[WORKER] processing idx=0 ts=1650824704.613838

[1/4721] Processing timestamp 1650824704.613838
closest_timestamp:  1650824704613837957
timestamp: 1.650824704613838e+18
delta:  0.0
[INFO] Looking for overlapping frames...
[WARN] Worker timed out; terminating...
[INFO] End of batch process
[INFO] Continuing despite worker error.
[INFO] Processing batch 93
[INFO] Memory: 0.02 GB
[LAUNCH] /home/kristen/miniconda3/bin/python3 -u -m seasonal_comparison.timestamp_batch_worker /tmp/tmp24ekjk_x.json
[WORKER] mpl version: 3.10.5 backend: Agg
[WORKER] cv2 version: 4.12.0
[WORKER] starting
[INFO] Precomputing timestamps...
[WORKER] 3 timestamps in batch
[WORKER] processing idx=0 ts=1650824705.213723

[1/4721] Processing timestamp 1650824705.213723
closest_timestamp:  1650824705213722944
timestamp: 1.650824705213723e+18
delta:  0.0
[INFO] Looking for overlapping frames...
[WARN] Worker timed out; terminating...
[INFO] End of batch process
[INFO] Continuing despite worker error.
[INFO] Processing batch 94
[INFO] Memory: 0.02 GB
[LAUNCH] /home/kristen/miniconda3/bin/python3 -u -m seasonal_comparison.timestamp_batch_worker /tmp/tmpns_batu2.json
[WORKER] mpl version: 3.10.5 backend: Agg
[WORKER] cv2 version: 4.12.0
[WORKER] starting
[INFO] Precomputing timestamps...
[WORKER] 3 timestamps in batch
[WORKER] processing idx=0 ts=1650824705.814142

[1/4721] Processing timestamp 1650824705.814142
closest_timestamp:  1650824705814141988
timestamp: 1.650824705814142e+18
delta:  0.0
[INFO] Looking for overlapping frames...
[WARN] Worker timed out; terminating...
[INFO] End of batch process
[INFO] Continuing despite worker error.
[INFO] Processing batch 95
[INFO] Memory: 0.02 GB
[LAUNCH] /home/kristen/miniconda3/bin/python3 -u -m seasonal_comparison.timestamp_batch_worker /tmp/tmptav0_j1y.json
[WORKER] mpl version: 3.10.5 backend: Agg
[WORKER] cv2 version: 4.12.0
[WORKER] starting
[INFO] Precomputing timestamps...
[WORKER] 3 timestamps in batch
[WORKER] processing idx=0 ts=1650824706.413897

[1/4721] Processing timestamp 1650824706.413897
closest_timestamp:  1650824706413897037
timestamp: 1.650824706413897e+18
delta:  0.0
[INFO] Looking for overlapping frames...
[WARN] Worker timed out; terminating...
[INFO] End of batch process
[INFO] Continuing despite worker error.
[INFO] Processing batch 96
[INFO] Memory: 0.02 GB
[LAUNCH] /home/kristen/miniconda3/bin/python3 -u -m seasonal_comparison.timestamp_batch_worker /tmp/tmpob19wxou.json
[WORKER] mpl version: 3.10.5 backend: Agg
[WORKER] cv2 version: 4.12.0
[WORKER] starting
[INFO] Precomputing timestamps...
[WORKER] 3 timestamps in batch
[WORKER] processing idx=0 ts=1650824707.014118

[1/4721] Processing timestamp 1650824707.014118
closest_timestamp:  1650824707014117956
timestamp: 1.650824707014118e+18
delta:  0.0
[INFO] Looking for overlapping frames...
[WARN] Worker timed out; terminating...
[INFO] End of batch process
[INFO] Continuing despite worker error.
[INFO] Processing batch 97
[INFO] Memory: 0.02 GB
[LAUNCH] /home/kristen/miniconda3/bin/python3 -u -m seasonal_comparison.timestamp_batch_worker /tmp/tmpyaxnxv6k.json
[WORKER] mpl version: 3.10.5 backend: Agg
[WORKER] cv2 version: 4.12.0
[WORKER] starting
[INFO] Precomputing timestamps...
[WORKER] 3 timestamps in batch
[WORKER] processing idx=0 ts=1650824707.613756

[1/4721] Processing timestamp 1650824707.613756
closest_timestamp:  1650824707613755941
timestamp: 1.650824707613756e+18
delta:  0.0
[INFO] Looking for overlapping frames...
[WARN] Worker timed out; terminating...
[INFO] End of batch process
[INFO] Continuing despite worker error.
[INFO] Processing batch 98
[INFO] Memory: 0.02 GB
[LAUNCH] /home/kristen/miniconda3/bin/python3 -u -m seasonal_comparison.timestamp_batch_worker /tmp/tmp6uc_ub6h.json
[WORKER] mpl version: 3.10.5 backend: Agg
[WORKER] cv2 version: 4.12.0
[WORKER] starting
[INFO] Precomputing timestamps...
[WORKER] 3 timestamps in batch
[WORKER] processing idx=0 ts=1650824708.213725

[1/4721] Processing timestamp 1650824708.213725
closest_timestamp:  1650824708213725090
timestamp: 1.6508247082137252e+18
delta:  0.0
[INFO] Looking for overlapping frames...
[WARN] Worker timed out; terminating...
[INFO] End of batch process
[INFO] Continuing despite worker error.
[INFO] Processing batch 99
[INFO] Memory: 0.02 GB
[LAUNCH] /home/kristen/miniconda3/bin/python3 -u -m seasonal_comparison.timestamp_batch_worker /tmp/tmpbii9ygom.json
[WORKER] mpl version: 3.10.5 backend: Agg
[WORKER] cv2 version: 4.12.0
[WORKER] starting
[INFO] Precomputing timestamps...
[WORKER] 3 timestamps in batch
[WORKER] processing idx=0 ts=1650824708.813991

[1/4721] Processing timestamp 1650824708.813991
closest_timestamp:  1650824708813991069
timestamp: 1.6508247088139912e+18
delta:  0.0
[INFO] Looking for overlapping frames...
[WARN] Worker timed out; terminating...
[INFO] End of batch process
[INFO] Continuing despite worker error.
[INFO] Processing batch 100
[INFO] Memory: 0.02 GB
[LAUNCH] /home/kristen/miniconda3/bin/python3 -u -m seasonal_comparison.timestamp_batch_worker /tmp/tmpa68ng0kn.json
[WORKER] mpl version: 3.10.5 backend: Agg
[WORKER] cv2 version: 4.12.0
[WORKER] starting
[INFO] Precomputing timestamps...
[WORKER] 3 timestamps in batch
[WORKER] processing idx=0 ts=1650824709.413796

[1/4721] Processing timestamp 1650824709.413796
closest_timestamp:  1650824709413795948
timestamp: 1.6508247094137958e+18
delta:  0.0
[INFO] Looking for overlapping frames...
[WARN] Worker timed out; terminating...
[INFO] End of batch process
[INFO] Continuing despite worker error.
[INFO] Processing batch 101
[INFO] Memory: 0.02 GB
[LAUNCH] /home/kristen/miniconda3/bin/python3 -u -m seasonal_comparison.timestamp_batch_worker /tmp/tmpil8cy881.json
[WORKER] mpl version: 3.10.5 backend: Agg
[WORKER] cv2 version: 4.12.0
[WORKER] starting
[INFO] Precomputing timestamps...
[WORKER] 3 timestamps in batch
[WORKER] processing idx=0 ts=1650824710.014035

[1/4721] Processing timestamp 1650824710.014035
closest_timestamp:  1650824710014034986
timestamp: 1.650824710014035e+18
delta:  0.0
[INFO] Looking for overlapping frames...
[WARN] Worker timed out; terminating...
[INFO] End of batch process
[INFO] Continuing despite worker error.
[INFO] Processing batch 102
[INFO] Memory: 0.02 GB
[LAUNCH] /home/kristen/miniconda3/bin/python3 -u -m seasonal_comparison.timestamp_batch_worker /tmp/tmp94fnq_yh.json
[WORKER] mpl version: 3.10.5 backend: Agg
[WORKER] cv2 version: 4.12.0
[WORKER] starting
[INFO] Precomputing timestamps...
[WORKER] 3 timestamps in batch
[WORKER] processing idx=0 ts=1650824710.613644

[1/4721] Processing timestamp 1650824710.613644
closest_timestamp:  1650824710613643884
timestamp: 1.6508247106136438e+18
delta:  0.0
[INFO] Looking for overlapping frames...
[WARN] Worker timed out; terminating...
[INFO] End of batch process
[INFO] Continuing despite worker error.
[INFO] Processing batch 103
[INFO] Memory: 0.02 GB
[LAUNCH] /home/kristen/miniconda3/bin/python3 -u -m seasonal_comparison.timestamp_batch_worker /tmp/tmp35ba4sdk.json
[WORKER] mpl version: 3.10.5 backend: Agg
[WORKER] cv2 version: 4.12.0
[WORKER] starting
[INFO] Precomputing timestamps...
[WORKER] 3 timestamps in batch
[WORKER] processing idx=0 ts=1650824711.213586

[1/4721] Processing timestamp 1650824711.213586
closest_timestamp:  1650824711213586091
timestamp: 1.6508247112135862e+18
delta:  0.0
[INFO] Looking for overlapping frames...
[WARN] Worker timed out; terminating...
[INFO] End of batch process
[INFO] Continuing despite worker error.
[INFO] Processing batch 104
[INFO] Memory: 0.02 GB
[LAUNCH] /home/kristen/miniconda3/bin/python3 -u -m seasonal_comparison.timestamp_batch_worker /tmp/tmp7tnu9g5c.json
[WORKER] mpl version: 3.10.5 backend: Agg
[WORKER] cv2 version: 4.12.0
[WORKER] starting
[INFO] Precomputing timestamps...
[WORKER] 3 timestamps in batch
[WORKER] processing idx=0 ts=1650824711.813992

[1/4721] Processing timestamp 1650824711.813992
closest_timestamp:  1650824711813992023
timestamp: 1.650824711813992e+18
delta:  0.0
[INFO] Looking for overlapping frames...
[WARN] Worker timed out; terminating...
[INFO] End of batch process
[INFO] Continuing despite worker error.
[INFO] Processing batch 105
[INFO] Memory: 0.02 GB
[LAUNCH] /home/kristen/miniconda3/bin/python3 -u -m seasonal_comparison.timestamp_batch_worker /tmp/tmp6hzuxqzj.json
[WORKER] mpl version: 3.10.5 backend: Agg
[WORKER] cv2 version: 4.12.0
[WORKER] starting
[INFO] Precomputing timestamps...
[WORKER] 3 timestamps in batch
[WORKER] processing idx=0 ts=1650824712.413684

[1/4721] Processing timestamp 1650824712.413684
closest_timestamp:  1650824712413683891
timestamp: 1.650824712413684e+18
delta:  0.0
[INFO] Looking for overlapping frames...
[WARN] Worker timed out; terminating...
[INFO] End of batch process
[INFO] Continuing despite worker error.
[INFO] Processing batch 106
[INFO] Memory: 0.02 GB
[LAUNCH] /home/kristen/miniconda3/bin/python3 -u -m seasonal_comparison.timestamp_batch_worker /tmp/tmp66m2vfsj.json
[WORKER] mpl version: 3.10.5 backend: Agg
[WORKER] cv2 version: 4.12.0
[WORKER] starting
[INFO] Precomputing timestamps...
[WORKER] 3 timestamps in batch
[WORKER] processing idx=0 ts=1650824713.013639

[1/4721] Processing timestamp 1650824713.013639
closest_timestamp:  1650824713013638973
timestamp: 1.650824713013639e+18
delta:  0.0
[INFO] Looking for overlapping frames...
[WARN] Worker timed out; terminating...
[INFO] End of batch process
[INFO] Continuing despite worker error.
[INFO] Processing batch 107
[INFO] Memory: 0.02 GB
[LAUNCH] /home/kristen/miniconda3/bin/python3 -u -m seasonal_comparison.timestamp_batch_worker /tmp/tmpxmngtymd.json
[WORKER] mpl version: 3.10.5 backend: Agg
[WORKER] cv2 version: 4.12.0
[WORKER] starting
[INFO] Precomputing timestamps...
[WORKER] 3 timestamps in batch
[WORKER] processing idx=0 ts=1650824713.613648

[1/4721] Processing timestamp 1650824713.613648
closest_timestamp:  1650824713613647937
timestamp: 1.650824713613648e+18
delta:  0.0
[INFO] Looking for overlapping frames...
[WARN] Worker timed out; terminating...
[INFO] End of batch process
[INFO] Continuing despite worker error.
[INFO] Processing batch 108
[INFO] Memory: 0.02 GB
[LAUNCH] /home/kristen/miniconda3/bin/python3 -u -m seasonal_comparison.timestamp_batch_worker /tmp/tmphwig3fqa.json
[WORKER] mpl version: 3.10.5 backend: Agg
[WORKER] cv2 version: 4.12.0
[WORKER] starting
[INFO] Precomputing timestamps...
[WORKER] 3 timestamps in batch
[WORKER] processing idx=0 ts=1650824714.213641

[1/4721] Processing timestamp 1650824714.213641
closest_timestamp:  1650824714213640928
timestamp: 1.650824714213641e+18
delta:  0.0
[INFO] Looking for overlapping frames...
[WARN] Worker timed out; terminating...
[INFO] End of batch process
[INFO] Continuing despite worker error.
[INFO] Processing batch 109
[INFO] Memory: 0.02 GB
[LAUNCH] /home/kristen/miniconda3/bin/python3 -u -m seasonal_comparison.timestamp_batch_worker /tmp/tmpowez4cvw.json
[WORKER] mpl version: 3.10.5 backend: Agg
[WORKER] cv2 version: 4.12.0
[WORKER] starting
[INFO] Precomputing timestamps...
[WORKER] 3 timestamps in batch
[WORKER] processing idx=0 ts=1650824714.813935

[1/4721] Processing timestamp 1650824714.813935
closest_timestamp:  1650824714813935041
timestamp: 1.650824714813935e+18
delta:  0.0
[INFO] Looking for overlapping frames...
[WARN] Worker timed out; terminating...
[INFO] End of batch process
[INFO] Continuing despite worker error.
[INFO] Processing batch 110
[INFO] Memory: 0.02 GB
[LAUNCH] /home/kristen/miniconda3/bin/python3 -u -m seasonal_comparison.timestamp_batch_worker /tmp/tmpx6ai7_gd.json
[WORKER] mpl version: 3.10.5 backend: Agg
[WORKER] cv2 version: 4.12.0
[WORKER] starting
[INFO] Precomputing timestamps...
[WORKER] 3 timestamps in batch
[WORKER] processing idx=0 ts=1650824715.41378

[1/4721] Processing timestamp 1650824715.41378
closest_timestamp:  1650824715413779973
timestamp: 1.65082471541378e+18
delta:  0.0
[INFO] Looking for overlapping frames...
[WARN] Worker timed out; terminating...
[INFO] End of batch process
[INFO] Continuing despite worker error.
[INFO] Processing batch 111
[INFO] Memory: 0.02 GB
[LAUNCH] /home/kristen/miniconda3/bin/python3 -u -m seasonal_comparison.timestamp_batch_worker /tmp/tmp9nkb4fvg.json
[WORKER] mpl version: 3.10.5 backend: Agg
[WORKER] cv2 version: 4.12.0
[WORKER] starting
[INFO] Precomputing timestamps...
[WORKER] 3 timestamps in batch
[WORKER] processing idx=0 ts=1650824716.013594

[1/4721] Processing timestamp 1650824716.013594
closest_timestamp:  1650824716013593912
timestamp: 1.6508247160135939e+18
delta:  0.0
[INFO] Looking for overlapping frames...
[WARN] Worker timed out; terminating...
[INFO] End of batch process
[INFO] Continuing despite worker error.
[INFO] Processing batch 112
[INFO] Memory: 0.02 GB
[LAUNCH] /home/kristen/miniconda3/bin/python3 -u -m seasonal_comparison.timestamp_batch_worker /tmp/tmp7vtp_pyj.json
[WORKER] mpl version: 3.10.5 backend: Agg
[WORKER] cv2 version: 4.12.0
[WORKER] starting
[INFO] Precomputing timestamps...
[WORKER] 3 timestamps in batch
[WORKER] processing idx=0 ts=1650824716.613573

[1/4721] Processing timestamp 1650824716.613573
closest_timestamp:  1650824716613573074
timestamp: 1.650824716613573e+18
delta:  0.0
[INFO] Looking for overlapping frames...
[WARN] Worker timed out; terminating...
[INFO] End of batch process
[INFO] Continuing despite worker error.
[INFO] Processing batch 113
[INFO] Memory: 0.02 GB
[LAUNCH] /home/kristen/miniconda3/bin/python3 -u -m seasonal_comparison.timestamp_batch_worker /tmp/tmph00agils.json
[WORKER] mpl version: 3.10.5 backend: Agg
[WORKER] cv2 version: 4.12.0
[WORKER] starting
[INFO] Precomputing timestamps...
[WORKER] 3 timestamps in batch
[WORKER] processing idx=0 ts=1650824717.213691

[1/4721] Processing timestamp 1650824717.213691
closest_timestamp:  1650824717213690996
timestamp: 1.650824717213691e+18
delta:  0.0
[INFO] Looking for overlapping frames...
[WARN] Worker timed out; terminating...
[INFO] End of batch process
[INFO] Continuing despite worker error.
[INFO] Processing batch 114
[INFO] Memory: 0.02 GB
[LAUNCH] /home/kristen/miniconda3/bin/python3 -u -m seasonal_comparison.timestamp_batch_worker /tmp/tmpznsn1q5x.json
[WORKER] mpl version: 3.10.5 backend: Agg
[WORKER] cv2 version: 4.12.0
[WORKER] starting
[INFO] Precomputing timestamps...
[WORKER] 3 timestamps in batch
[WORKER] processing idx=0 ts=1650824717.813864

[1/4721] Processing timestamp 1650824717.813864
closest_timestamp:  1650824717813863992
timestamp: 1.650824717813864e+18
delta:  0.0
[INFO] Looking for overlapping frames...
[WARN] Worker timed out; terminating...
[INFO] End of batch process
[INFO] Continuing despite worker error.
[INFO] Processing batch 115
[INFO] Memory: 0.02 GB
[LAUNCH] /home/kristen/miniconda3/bin/python3 -u -m seasonal_comparison.timestamp_batch_worker /tmp/tmp9wncsr0h.json
[WORKER] mpl version: 3.10.5 backend: Agg
[WORKER] cv2 version: 4.12.0
[WORKER] starting
[INFO] Precomputing timestamps...
[WORKER] 3 timestamps in batch
[WORKER] processing idx=0 ts=1650824718.413591

[1/4721] Processing timestamp 1650824718.413591
closest_timestamp:  1650824718413590908
timestamp: 1.6508247184135908e+18
delta:  0.0
[INFO] Looking for overlapping frames...
[WARN] Worker timed out; terminating...
[INFO] End of batch process
[INFO] Continuing despite worker error.
[INFO] Processing batch 116
[INFO] Memory: 0.02 GB
[LAUNCH] /home/kristen/miniconda3/bin/python3 -u -m seasonal_comparison.timestamp_batch_worker /tmp/tmp4g1_z96n.json
[WORKER] mpl version: 3.10.5 backend: Agg
[WORKER] cv2 version: 4.12.0
[WORKER] starting
[INFO] Precomputing timestamps...
[WORKER] 3 timestamps in batch
[WORKER] processing idx=0 ts=1650824719.013602

[1/4721] Processing timestamp 1650824719.013602
closest_timestamp:  1650824719013602018
timestamp: 1.650824719013602e+18
delta:  0.0
[INFO] Looking for overlapping frames...
[WARN] Worker timed out; terminating...
[INFO] End of batch process
[INFO] Continuing despite worker error.
[INFO] Processing batch 117
[INFO] Memory: 0.02 GB
[LAUNCH] /home/kristen/miniconda3/bin/python3 -u -m seasonal_comparison.timestamp_batch_worker /tmp/tmp6stohofb.json
[WORKER] mpl version: 3.10.5 backend: Agg
[WORKER] cv2 version: 4.12.0
[WORKER] starting
[INFO] Precomputing timestamps...
[WORKER] 3 timestamps in batch
[WORKER] processing idx=0 ts=1650824719.61362

[1/4721] Processing timestamp 1650824719.61362
closest_timestamp:  1650824719613620042
timestamp: 1.65082471961362e+18
delta:  0.0
[INFO] Looking for overlapping frames...
[WARN] Worker timed out; terminating...
[INFO] End of batch process
[INFO] Continuing despite worker error.
[INFO] Processing batch 118
[INFO] Memory: 0.02 GB
[LAUNCH] /home/kristen/miniconda3/bin/python3 -u -m seasonal_comparison.timestamp_batch_worker /tmp/tmp0le5javd.json
[WORKER] mpl version: 3.10.5 backend: Agg
[WORKER] cv2 version: 4.12.0
[WORKER] starting
[INFO] Precomputing timestamps...
[WORKER] 3 timestamps in batch
[WORKER] processing idx=0 ts=1650824720.213582

[1/4721] Processing timestamp 1650824720.213582
closest_timestamp:  1650824720213582038
timestamp: 1.650824720213582e+18
delta:  0.0
[INFO] Looking for overlapping frames...
[WARN] Worker timed out; terminating...
[INFO] End of batch process
[INFO] Continuing despite worker error.
[INFO] Processing batch 119
[INFO] Memory: 0.02 GB
[LAUNCH] /home/kristen/miniconda3/bin/python3 -u -m seasonal_comparison.timestamp_batch_worker /tmp/tmppfkgp2wv.json
[WORKER] mpl version: 3.10.5 backend: Agg
[WORKER] cv2 version: 4.12.0
[WORKER] starting
[INFO] Precomputing timestamps...
[WORKER] 3 timestamps in batch
[WORKER] processing idx=0 ts=1650824720.813805

[1/4721] Processing timestamp 1650824720.813805
closest_timestamp:  1650824720813805103
timestamp: 1.650824720813805e+18
delta:  0.0
[INFO] Looking for overlapping frames...
[WARN] Worker timed out; terminating...
[INFO] End of batch process
[INFO] Continuing despite worker error.
[INFO] Processing batch 120
[INFO] Memory: 0.02 GB
[LAUNCH] /home/kristen/miniconda3/bin/python3 -u -m seasonal_comparison.timestamp_batch_worker /tmp/tmp5nj5rd6p.json
[WORKER] mpl version: 3.10.5 backend: Agg
[WORKER] cv2 version: 4.12.0
[WORKER] starting
[INFO] Precomputing timestamps...
[WORKER] 3 timestamps in batch
[WORKER] processing idx=0 ts=1650824721.413636

[1/4721] Processing timestamp 1650824721.413636
closest_timestamp:  1650824721413635969
timestamp: 1.650824721413636e+18
delta:  0.0
[INFO] Looking for overlapping frames...
[WARN] Worker timed out; terminating...
[INFO] End of batch process
[INFO] Continuing despite worker error.
[INFO] Processing batch 121
[INFO] Memory: 0.02 GB
[LAUNCH] /home/kristen/miniconda3/bin/python3 -u -m seasonal_comparison.timestamp_batch_worker /tmp/tmpw3q7x7e_.json
[WORKER] mpl version: 3.10.5 backend: Agg
[WORKER] cv2 version: 4.12.0
[WORKER] starting
[INFO] Precomputing timestamps...
[WORKER] 3 timestamps in batch
[WORKER] processing idx=0 ts=1650824722.013537

[1/4721] Processing timestamp 1650824722.013537
closest_timestamp:  1650824722013536930
timestamp: 1.650824722013537e+18
delta:  0.0
[INFO] Looking for overlapping frames...
[WARN] Worker timed out; terminating...
[INFO] End of batch process
[INFO] Continuing despite worker error.
[INFO] Processing batch 122
[INFO] Memory: 0.02 GB
[LAUNCH] /home/kristen/miniconda3/bin/python3 -u -m seasonal_comparison.timestamp_batch_worker /tmp/tmp7jpcytz4.json
[WORKER] mpl version: 3.10.5 backend: Agg
[WORKER] cv2 version: 4.12.0
[WORKER] starting
[INFO] Precomputing timestamps...
[WORKER] 3 timestamps in batch
[WORKER] processing idx=0 ts=1650824722.613496

[1/4721] Processing timestamp 1650824722.613496
closest_timestamp:  1650824722613496065
timestamp: 1.650824722613496e+18
delta:  0.0
[INFO] Looking for overlapping frames...
[WARN] Worker timed out; terminating...
[INFO] End of batch process
[INFO] Continuing despite worker error.
[INFO] Processing batch 123
[INFO] Memory: 0.02 GB
[LAUNCH] /home/kristen/miniconda3/bin/python3 -u -m seasonal_comparison.timestamp_batch_worker /tmp/tmpfmgzkohj.json
[WORKER] mpl version: 3.10.5 backend: Agg
[WORKER] cv2 version: 4.12.0
[WORKER] starting
[INFO] Precomputing timestamps...
[WORKER] 3 timestamps in batch
[WORKER] processing idx=0 ts=1650824723.213502

[1/4721] Processing timestamp 1650824723.213502
closest_timestamp:  1650824723213501930
timestamp: 1.650824723213502e+18
delta:  0.0
[INFO] Looking for overlapping frames...
[WARN] Worker timed out; terminating...
[INFO] End of batch process
[INFO] Continuing despite worker error.
[INFO] Processing batch 124
[INFO] Memory: 0.02 GB
[LAUNCH] /home/kristen/miniconda3/bin/python3 -u -m seasonal_comparison.timestamp_batch_worker /tmp/tmp2cli1g7_.json
[WORKER] mpl version: 3.10.5 backend: Agg
[WORKER] cv2 version: 4.12.0
[WORKER] starting
[INFO] Precomputing timestamps...
[WORKER] 3 timestamps in batch
[WORKER] processing idx=0 ts=1650824723.813798

[1/4721] Processing timestamp 1650824723.813798
closest_timestamp:  1650824723813797950
timestamp: 1.650824723813798e+18
delta:  0.0
[INFO] Looking for overlapping frames...
[WARN] Worker timed out; terminating...
[INFO] End of batch process
[INFO] Continuing despite worker error.
[INFO] Processing batch 125
[INFO] Memory: 0.02 GB
[LAUNCH] /home/kristen/miniconda3/bin/python3 -u -m seasonal_comparison.timestamp_batch_worker /tmp/tmp4vtue26s.json
[WORKER] mpl version: 3.10.5 backend: Agg
[WORKER] cv2 version: 4.12.0
[WORKER] starting
[INFO] Precomputing timestamps...
[WORKER] 3 timestamps in batch
[WORKER] processing idx=0 ts=1650824724.41353

[1/4721] Processing timestamp 1650824724.41353
closest_timestamp:  1650824724413530111
timestamp: 1.65082472441353e+18
delta:  0.0
[INFO] Looking for overlapping frames...
[WARN] Worker timed out; terminating...
[INFO] End of batch process
[INFO] Continuing despite worker error.
[INFO] Processing batch 126
[INFO] Memory: 0.02 GB
[LAUNCH] /home/kristen/miniconda3/bin/python3 -u -m seasonal_comparison.timestamp_batch_worker /tmp/tmpf8mo2m2m.json
[WORKER] mpl version: 3.10.5 backend: Agg
[WORKER] cv2 version: 4.12.0
[WORKER] starting
[INFO] Precomputing timestamps...
[WORKER] 3 timestamps in batch
[WORKER] processing idx=0 ts=1650824725.013607

[1/4721] Processing timestamp 1650824725.013607
closest_timestamp:  1650824725013607025
timestamp: 1.650824725013607e+18
delta:  0.0
[INFO] Looking for overlapping frames...
[WARN] Worker timed out; terminating...
[INFO] End of batch process
[INFO] Continuing despite worker error.
[INFO] Processing batch 127
[INFO] Memory: 0.02 GB
[LAUNCH] /home/kristen/miniconda3/bin/python3 -u -m seasonal_comparison.timestamp_batch_worker /tmp/tmpz9_bfh0n.json
[WORKER] mpl version: 3.10.5 backend: Agg
[WORKER] cv2 version: 4.12.0
[WORKER] starting
[INFO] Precomputing timestamps...
[WORKER] 3 timestamps in batch
[WORKER] processing idx=0 ts=1650824725.613569

[1/4721] Processing timestamp 1650824725.613569
closest_timestamp:  1650824725613569021
timestamp: 1.650824725613569e+18
delta:  0.0
[INFO] Looking for overlapping frames...
[INFO] Saved debug plot to /media/kristen/easystore2/RestorebotData/benchmarking_ex/matches_fused_2conmod/debug_ellipse_-109360793_38066054.png
[INFO] wrote: /media/kristen/easystore2/RestorebotData/benchmarking_ex/matches_fused_2conmod/frame_clusters_-109360793_38066054.png
[WARN] High variance in heading ... skipping
[DEBUG] Headings for frames_to_stitch:
  circular mean: 351.00°
  circular std: 57.52°
[stitch stdout]
[ERROR] Stitching failure: 2 or more Images needed
stitched_img is None ... moving on
[stitch stdout]
[ERROR] Stitching failure: 2 or more Images needed
stitched_img is None ... moving on
[stitch stdout]
[ERROR] Stitching failure: 2 or more Images needed
stitched_img is None ... moving on
[stitch stdout]
[ERROR] Stitching failure: 2 or more Images needed
stitched_img is None ... moving on
[stitch stdout]
[ERROR] Stitching failure: 2 or more Images needed
stitched_img is None ... moving on
[stitch stdout]
[ERROR] Stitching failure: 2 or more Images needed
stitched_img is None ... moving on
[stitch stdout]
[ERROR] Stitching failure: 2 or more Images needed
stitched_img is None ... moving on
[stitch stdout]
[ERROR] Stitching failure: 2 or more Images needed
stitched_img is None ... moving on
[stitch stdout]
[ERROR] Stitching failure: 2 or more Images needed
stitched_img is None ... moving on
[stitch stdout]
[ERROR] Stitching failure: 2 or more Images needed
stitched_img is None ... moving on
[stitch stdout]
[ERROR] Stitching failure: 2 or more Images needed
stitched_img is None ... moving on
[stitch stdout]
[ERROR] Stitching failure: 2 or more Images needed
stitched_img is None ... moving on
[stitch stdout]
[ERROR] Stitching failure: 2 or more Images needed
stitched_img is None ... moving on
[stitch stdout]
[ERROR] Stitching failure: 2 or more Images needed
stitched_img is None ... moving on
[stitch stdout]
[ERROR] Stitching failure: 2 or more Images needed
stitched_img is None ... moving on
[stitch stdout]
[ERROR] Stitching failure: 2 or more Images needed
stitched_img is None ... moving on
[stitch stdout]
[ERROR] Stitching failure: 2 or more Images needed
stitched_img is None ... moving on
[stitch stdout]
[ERROR] Stitching failure: 2 or more Images needed
stitched_img is None ... moving on
[stitch stdout]
[ERROR] Stitching failure: 2 or more Images needed
stitched_img is None ... moving on
[stitch stdout]
[ERROR] Stitching failure: 2 or more Images needed
stitched_img is None ... moving on
[stitch stdout]
[ERROR] Stitching failure: 2 or more Images needed
stitched_img is None ... moving on
[stitch stdout]
[ERROR] Stitching failure: 2 or more Images needed
stitched_img is None ... moving on
[stitch stdout]
[ERROR] Stitching failure: 2 or more Images needed
stitched_img is None ... moving on
[stitch stdout]
[ERROR] Stitching failure: No match exceeds the given confidence threshold. Do your images have enough overlap and common features? If yes, you might want to lower the 'confidence_threshold' or try another 'detector'.
stitched_img is None ... moving on
[WARN] High variance in heading ... skipping
[DEBUG] Headings for frames_to_stitch:
  circular mean: 26.55°
  circular std: 37.84°
[WARN] High variance in heading ... skipping
[DEBUG] Headings for frames_to_stitch:
  circular mean: 89.01°
  circular std: 40.86°
[stitch stdout]
[ERROR] Stitching failure: No match exceeds the given confidence threshold. Do your images have enough overlap and common features? If yes, you might want to lower the 'confidence_threshold' or try another 'detector'.
stitched_img is None ... moving on
[stitch stdout]
[ERROR] Stitching failure: 2 or more Images needed
stitched_img is None ... moving on
closest_timestamp:  1650824725613569021
timestamp: 1.650824725613569e+18
delta:  0.0
visualizing overlapping frames ...
no intersecting frames ...
no intersecting frames ...
no intersecting frames ...
no intersecting frames ...
no intersecting frames ...
no intersecting frames ...
no intersecting frames ...
no intersecting frames ...
no intersecting frames ...
no intersecting frames ...
no intersecting frames ...
no intersecting frames ...
no intersecting frames ...
no intersecting frames ...
no intersecting frames ...
no intersecting frames ...
no intersecting frames ...
no intersecting frames ...
no intersecting frames ...
no intersecting frames ...
no intersecting frames ...
no intersecting frames ...
no intersecting frames ...
no intersecting frames ...
no intersecting frames ...
no intersecting frames ...
no intersecting frames ...
no intersecting frames ...
no intersecting frames ...
no intersecting frames ...
no intersecting frames ...
no intersecting frames ...
no intersecting frames ...
no intersecting frames ...
no intersecting frames ...
no intersecting frames ...
no intersecting frames ...
no intersecting frames ...
no intersecting frames ...
no intersecting frames ...
no intersecting frames ...
no intersecting frames ...
no intersecting frames ...
no intersecting frames ...
no intersecting frames ...
no intersecting frames ...
no intersecting frames ...
no intersecting frames ...
no intersecting frames ...
no intersecting frames ...
no intersecting frames ...
no intersecting frames ...
no intersecting frames ...
no intersecting frames ...
no intersecting frames ...
no intersecting frames ...
no intersecting frames ...
no intersecting frames ...
no intersecting frames ...
no intersecting frames ...
no intersecting frames ...
no intersecting frames ...
no intersecting frames ...
no intersecting frames ...
no intersecting frames ...
no intersecting frames ...
no intersecting frames ...
no intersecting frames ...
no intersecting frames ...
no intersecting frames ...
no intersecting frames ...
no intersecting frames ...
no intersecting frames ...
no intersecting frames ...
no intersecting frames ...
no intersecting frames ...
no intersecting frames ...
no intersecting frames ...
no intersecting frames ...
no intersecting frames ...
no intersecting frames ...
no intersecting frames ...
no intersecting frames ...
no intersecting frames ...
no intersecting frames ...
no intersecting frames ...
no intersecting frames ...
no intersecting frames ...
no intersecting frames ...
no intersecting frames ...
no intersecting frames ...
no intersecting frames ...
no intersecting frames ...
no intersecting frames ...
no intersecting frames ...
no intersecting frames ...
no intersecting frames ...
no intersecting frames ...
no intersecting frames ...
no intersecting frames ...
no intersecting frames ...
no intersecting frames ...
no intersecting frames ...
no intersecting frames ...
no intersecting frames ...
no intersecting frames ...
no intersecting frames ...
no intersecting frames ...
no intersecting frames ...
no intersecting frames ...
no intersecting frames ...
no intersecting frames ...
no intersecting frames ...
no intersecting frames ...
no intersecting frames ...
no intersecting frames ...
no intersecting frames ...
no intersecting frames ...
no intersecting frames ...
no intersecting frames ...
no intersecting frames ...
no intersecting frames ...
no intersecting frames ...
no intersecting frames ...
no intersecting frames ...
no intersecting frames ...
no intersecting frames ...
no intersecting frames ...
no intersecting frames ...
no intersecting frames ...
no intersecting frames ...
no intersecting frames ...
no intersecting frames ...
no intersecting frames ...
no intersecting frames ...
no intersecting frames ...
no intersecting frames ...
no intersecting frames ...
no intersecting frames ...
no intersecting frames ...
no intersecting frames ...
no intersecting frames ...
no intersecting frames ...
no intersecting frames ...
no intersecting frames ...
no intersecting frames ...
no intersecting frames ...
no intersecting frames ...
no intersecting frames ...
no intersecting frames ...
no intersecting frames ...
no intersecting frames ...
no intersecting frames ...
no intersecting frames ...
no intersecting frames ...
no intersecting frames ...
no intersecting frames ...
no intersecting frames ...
no intersecting frames ...
no intersecting frames ...
no intersecting frames ...
no intersecting frames ...
no intersecting frames ...
no intersecting frames ...
no intersecting frames ...
no intersecting frames ...
no intersecting frames ...
no intersecting frames ...
no intersecting frames ...
no intersecting frames ...
no intersecting frames ...
no intersecting frames ...
no intersecting frames ...
no intersecting frames ...
no intersecting frames ...
no intersecting frames ...
no intersecting frames ...
no intersecting frames ...
no intersecting frames ...
no intersecting frames ...
no intersecting frames ...
no intersecting frames ...
no intersecting frames ...
no intersecting frames ...
no intersecting frames ...
no intersecting frames ...
no intersecting frames ...
no intersecting frames ...
no intersecting frames ...
no intersecting frames ...
no intersecting frames ...
no intersecting frames ...
no intersecting frames ...
no intersecting frames ...
no intersecting frames ...
no intersecting frames ...
no intersecting frames ...
no intersecting frames ...
no intersecting frames ...
no intersecting frames ...
no intersecting frames ...
no intersecting frames ...
no intersecting frames ...
no intersecting frames ...
no intersecting frames ...
no intersecting frames ...
no intersecting frames ...
no intersecting frames ...
no intersecting frames ...
no intersecting frames ...
no intersecting frames ...
no intersecting frames ...
no intersecting frames ...
no intersecting frames ...
no intersecting frames ...
no intersecting frames ...
no intersecting frames ...
no intersecting frames ...
no intersecting frames ...
no intersecting frames ...
no intersecting frames ...
no intersecting frames ...
no intersecting frames ...
no intersecting frames ...
no intersecting frames ...
no intersecting frames ...
no intersecting frames ...
no intersecting frames ...
no intersecting frames ...
no intersecting frames ...
no intersecting frames ...
no intersecting frames ...
no intersecting frames ...
no intersecting frames ...
no intersecting frames ...
no intersecting frames ...
no intersecting frames ...
no intersecting frames ...
no intersecting frames ...
no intersecting frames ...
no intersecting frames ...
no intersecting frames ...
no intersecting frames ...
no intersecting frames ...
no intersecting frames ...
no intersecting frames ...
no intersecting frames ...
no intersecting frames ...
no intersecting frames ...
no intersecting frames ...
no intersecting frames ...
no intersecting frames ...
no intersecting frames ...
no intersecting frames ...
no intersecting frames ...
no intersecting frames ...
no intersecting frames ...
no intersecting frames ...
no intersecting frames ...
no intersecting frames ...
no intersecting frames ...
no intersecting frames ...
no intersecting frames ...
no intersecting frames ...
no intersecting frames ...
no intersecting frames ...
no intersecting frames ...
no intersecting frames ...
no intersecting frames ...
no intersecting frames ...
no intersecting frames ...
no intersecting frames ...
no intersecting frames ...
no intersecting frames ...
no intersecting frames ...
no intersecting frames ...
no intersecting frames ...
no intersecting frames ...
no intersecting frames ...
no intersecting frames ...
no intersecting frames ...
no intersecting frames ...
no intersecting frames ...
no intersecting frames ...
no intersecting frames ...
no intersecting frames ...
no intersecting frames ...
no intersecting frames ...
no intersecting frames ...
no intersecting frames ...
no intersecting frames ...
no intersecting frames ...
no intersecting frames ...
no intersecting frames ...
no intersecting frames ...
no intersecting frames ...
no intersecting frames ...
no intersecting frames ...
no intersecting frames ...
no intersecting frames ...
no intersecting frames ...
no intersecting frames ...
no intersecting frames ...
no intersecting frames ...
no intersecting frames ...
no intersecting frames ...
no intersecting frames ...
no intersecting frames ...
no intersecting frames ...
no intersecting frames ...
no intersecting frames ...
no intersecting frames ...
no intersecting frames ...
no intersecting frames ...
no intersecting frames ...
no intersecting frames ...
no intersecting frames ...
no intersecting frames ...
no intersecting frames ...
no intersecting frames ...
no intersecting frames ...
no intersecting frames ...
no intersecting frames ...
no intersecting frames ...
no intersecting frames ...
no intersecting frames ...
no intersecting frames ...
no intersecting frames ...
no intersecting frames ...
no intersecting frames ...
no intersecting frames ...
no intersecting frames ...
no intersecting frames ...
no intersecting frames ...
no intersecting frames ...
no intersecting frames ...
no intersecting frames ...
no intersecting frames ...
no intersecting frames ...
no intersecting frames ...
no intersecting frames ...
no intersecting frames ...
no intersecting frames ...
no intersecting frames ...
no intersecting frames ...
no intersecting frames ...
no intersecting frames ...
no intersecting frames ...
no intersecting frames ...
no intersecting frames ...
no intersecting frames ...
no intersecting frames ...
no intersecting frames ...
no intersecting frames ...
no intersecting frames ...
no intersecting frames ...
no intersecting frames ...
no intersecting frames ...
no intersecting frames ...
no intersecting frames ...
no intersecting frames ...
no intersecting frames ...
no intersecting frames ...
no intersecting frames ...
no intersecting frames ...
no intersecting frames ...
no intersecting frames ...
no intersecting frames ...
no intersecting frames ...
no intersecting frames ...
no intersecting frames ...
no intersecting frames ...
no intersecting frames ...
no intersecting frames ...
no intersecting frames ...
no intersecting frames ...
no intersecting frames ...
no intersecting frames ...
no intersecting frames ...
no intersecting frames ...
no intersecting frames ...
no intersecting frames ...
no intersecting frames ...
no intersecting frames ...
no intersecting frames ...
no intersecting frames ...
no intersecting frames ...
no intersecting frames ...
no intersecting frames ...
no intersecting frames ...
no intersecting frames ...
no intersecting frames ...
no intersecting frames ...
no intersecting frames ...
no intersecting frames ...
no intersecting frames ...
[WORKER] done ts=1650824725.613569
[WORKER] processing idx=1 ts=1650824725.814103

[2/4721] Processing timestamp 1650824725.814103
closest_timestamp:  1650824725814102888
timestamp: 1.6508247258141028e+18
delta:  0.0
[INFO] Looking for overlapping frames...
[INFO] Saved debug plot to /media/kristen/easystore2/RestorebotData/benchmarking_ex/matches_fused_2conmod/debug_ellipse_-109360793_38066053.png
[INFO] wrote: /media/kristen/easystore2/RestorebotData/benchmarking_ex/matches_fused_2conmod/frame_clusters_-109360793_38066053.png
[WARN] Worker timed out; terminating...
[INFO] End of batch process
[INFO] Continuing despite worker error.
[INFO] Processing batch 128
[INFO] Memory: 0.02 GB
[LAUNCH] /home/kristen/miniconda3/bin/python3 -u -m seasonal_comparison.timestamp_batch_worker /tmp/tmps2gzjj2r.json
[WORKER] mpl version: 3.10.5 backend: Agg
[WORKER] cv2 version: 4.12.0
[WORKER] starting
[INFO] Precomputing timestamps...
[WORKER] 3 timestamps in batch
[WORKER] processing idx=0 ts=1650824726.213536

[1/4721] Processing timestamp 1650824726.213536
closest_timestamp:  1650824726213536024
timestamp: 1.650824726213536e+18
delta:  0.0
[INFO] Looking for overlapping frames...
[WARN] Worker timed out; terminating...
[INFO] End of batch process
[INFO] Continuing despite worker error.
[INFO] Processing batch 129
[INFO] Memory: 0.02 GB
[LAUNCH] /home/kristen/miniconda3/bin/python3 -u -m seasonal_comparison.timestamp_batch_worker /tmp/tmp05w5uv6i.json
[WORKER] mpl version: 3.10.5 backend: Agg
[WORKER] cv2 version: 4.12.0
[WORKER] starting
[INFO] Precomputing timestamps...
[WORKER] 3 timestamps in batch
[WORKER] processing idx=0 ts=1650824726.813715

[1/4721] Processing timestamp 1650824726.813715
closest_timestamp:  1650824726813714981
timestamp: 1.650824726813715e+18
delta:  0.0
[INFO] Looking for overlapping frames...
[WARN] Worker timed out; terminating...
[INFO] End of batch process
[INFO] Continuing despite worker error.
[INFO] Processing batch 130
[INFO] Memory: 0.02 GB
[LAUNCH] /home/kristen/miniconda3/bin/python3 -u -m seasonal_comparison.timestamp_batch_worker /tmp/tmpvlhp5eo4.json
[WORKER] mpl version: 3.10.5 backend: Agg
[WORKER] cv2 version: 4.12.0
[WORKER] starting
[INFO] Precomputing timestamps...
[WORKER] 3 timestamps in batch
[WORKER] processing idx=0 ts=1650824727.413506

[1/4721] Processing timestamp 1650824727.413506
closest_timestamp:  1650824727413506031
timestamp: 1.650824727413506e+18
delta:  0.0
[INFO] Looking for overlapping frames...
[INFO] Saved debug plot to /media/kristen/easystore2/RestorebotData/benchmarking_ex/matches_fused_2conmod/debug_ellipse_-109360801_38066053.png
[WARN] Worker timed out; terminating...
[INFO] End of batch process
[INFO] Continuing despite worker error.
[INFO] Processing batch 131
[INFO] Memory: 0.02 GB
[LAUNCH] /home/kristen/miniconda3/bin/python3 -u -m seasonal_comparison.timestamp_batch_worker /tmp/tmpal5i_9z2.json
[WORKER] mpl version: 3.10.5 backend: Agg
[WORKER] cv2 version: 4.12.0
[WORKER] starting
[INFO] Precomputing timestamps...
[WORKER] 3 timestamps in batch
[WORKER] processing idx=0 ts=1650824728.01351

[1/4721] Processing timestamp 1650824728.01351
closest_timestamp:  1650824728013509988
timestamp: 1.65082472801351e+18
delta:  0.0
[INFO] Looking for overlapping frames...
[INFO] Saved debug plot to /media/kristen/easystore2/RestorebotData/benchmarking_ex/matches_fused_2conmod/debug_ellipse_-109360801_38066051.png
[INFO] wrote: /media/kristen/easystore2/RestorebotData/benchmarking_ex/matches_fused_2conmod/frame_clusters_-109360801_38066051.png
[WARN] Worker timed out; terminating...
[INFO] End of batch process
[INFO] Continuing despite worker error.
[INFO] Processing batch 132
[INFO] Memory: 0.02 GB
[LAUNCH] /home/kristen/miniconda3/bin/python3 -u -m seasonal_comparison.timestamp_batch_worker /tmp/tmpmucj9yy8.json
[WORKER] mpl version: 3.10.5 backend: Agg
[WORKER] cv2 version: 4.12.0
[WORKER] starting
[INFO] Precomputing timestamps...
[WORKER] 3 timestamps in batch
[WORKER] processing idx=0 ts=1650824728.613379

[1/4721] Processing timestamp 1650824728.613379
closest_timestamp:  1650824728613379001
timestamp: 1.650824728613379e+18
delta:  0.0
[INFO] Looking for overlapping frames...
[INFO] Saved debug plot to /media/kristen/easystore2/RestorebotData/benchmarking_ex/matches_fused_2conmod/debug_ellipse_-109360799_38066050.png
[WARN] Worker timed out; terminating...
[INFO] End of batch process
[INFO] Continuing despite worker error.
[INFO] Processing batch 133
[INFO] Memory: 0.02 GB
[LAUNCH] /home/kristen/miniconda3/bin/python3 -u -m seasonal_comparison.timestamp_batch_worker /tmp/tmpzd4do_wp.json
[WORKER] mpl version: 3.10.5 backend: Agg
[WORKER] cv2 version: 4.12.0
[WORKER] starting
[INFO] Precomputing timestamps...
[WORKER] 3 timestamps in batch
[WORKER] processing idx=0 ts=1650824729.213333

[1/4721] Processing timestamp 1650824729.213333
closest_timestamp:  1650824729213332891
timestamp: 1.650824729213333e+18
delta:  0.0
[INFO] Looking for overlapping frames...
[INFO] Saved debug plot to /media/kristen/easystore2/RestorebotData/benchmarking_ex/matches_fused_2conmod/debug_ellipse_-109360796_38066048.png
[INFO] wrote: /media/kristen/easystore2/RestorebotData/benchmarking_ex/matches_fused_2conmod/frame_clusters_-109360796_38066048.png
[stitch stdout]
[ERROR] Stitching failure: No match exceeds the given confidence threshold. Do your images have enough overlap and common features? If yes, you might want to lower the 'confidence_threshold' or try another 'detector'.
stitched_img is None ... moving on
closest_timestamp:  1650824729213332891
timestamp: 1.650824729213333e+18
delta:  0.0
visualizing overlapping frames ...
no intersecting frames ...
no intersecting frames ...
no intersecting frames ...
no intersecting frames ...
no intersecting frames ...
no intersecting frames ...
no intersecting frames ...
no intersecting frames ...
no intersecting frames ...
no fused img path ...
no fused img path ...
no fused img path ...
no fused img path ...
no fused img path ...
no intersecting frames ...
no intersecting frames ...
no intersecting frames ...
no intersecting frames ...
no intersecting frames ...
no intersecting frames ...
no intersecting frames ...
no intersecting frames ...
no intersecting frames ...
no intersecting frames ...
no intersecting frames ...
no intersecting frames ...
no intersecting frames ...
[WORKER] done ts=1650824729.213333
[WORKER] processing idx=1 ts=1650824729.413412

[2/4721] Processing timestamp 1650824729.413412
closest_timestamp:  1650824729413412094
timestamp: 1.650824729413412e+18
delta:  0.0
[INFO] Looking for overlapping frames...
[WARN] Worker timed out; terminating...
[INFO] End of batch process
[INFO] Continuing despite worker error.
[INFO] Processing batch 134
[INFO] Memory: 0.02 GB
[LAUNCH] /home/kristen/miniconda3/bin/python3 -u -m seasonal_comparison.timestamp_batch_worker /tmp/tmpymdw9ssi.json
[WORKER] mpl version: 3.10.5 backend: Agg
[WORKER] cv2 version: 4.12.0
[WORKER] starting
[INFO] Precomputing timestamps...
[WORKER] 3 timestamps in batch
[WORKER] processing idx=0 ts=1650824729.813693

[1/4721] Processing timestamp 1650824729.813693
closest_timestamp:  1650824729813693046
timestamp: 1.650824729813693e+18
delta:  0.0
[INFO] Looking for overlapping frames...
[WARN] Worker timed out; terminating...
[INFO] End of batch process
[INFO] Continuing despite worker error.
[INFO] Processing batch 135
[INFO] Memory: 0.02 GB
[LAUNCH] /home/kristen/miniconda3/bin/python3 -u -m seasonal_comparison.timestamp_batch_worker /tmp/tmpr08j7obh.json
[WORKER] mpl version: 3.10.5 backend: Agg
[WORKER] cv2 version: 4.12.0
[WORKER] starting
[INFO] Precomputing timestamps...
[WORKER] 3 timestamps in batch
[WORKER] processing idx=0 ts=1650824730.413399

[1/4721] Processing timestamp 1650824730.413399
closest_timestamp:  1650824730413398981
timestamp: 1.650824730413399e+18
delta:  0.0
[INFO] Looking for overlapping frames...
[INFO] Saved debug plot to /media/kristen/easystore2/RestorebotData/benchmarking_ex/matches_fused_2conmod/debug_ellipse_-109360800_38066047.png
[WARN] Worker timed out; terminating...
[INFO] End of batch process
[INFO] Continuing despite worker error.
[INFO] Processing batch 136
[INFO] Memory: 0.02 GB
[LAUNCH] /home/kristen/miniconda3/bin/python3 -u -m seasonal_comparison.timestamp_batch_worker /tmp/tmp66uhx7cw.json
[WORKER] mpl version: 3.10.5 backend: Agg
[WORKER] cv2 version: 4.12.0
[WORKER] starting
[INFO] Precomputing timestamps...
[WORKER] 3 timestamps in batch
[WORKER] processing idx=0 ts=1650824731.013351

[1/4721] Processing timestamp 1650824731.013351
closest_timestamp:  1650824731013350963
timestamp: 1.650824731013351e+18
delta:  0.0
[INFO] Looking for overlapping frames...
[INFO] Saved debug plot to /media/kristen/easystore2/RestorebotData/benchmarking_ex/matches_fused_2conmod/debug_ellipse_-109360801_38066046.png
[INFO] wrote: /media/kristen/easystore2/RestorebotData/benchmarking_ex/matches_fused_2conmod/frame_clusters_-109360801_38066046.png
[WARN] Worker timed out; terminating...
[INFO] End of batch process
[INFO] Continuing despite worker error.
[INFO] Processing batch 137
[INFO] Memory: 0.02 GB
[LAUNCH] /home/kristen/miniconda3/bin/python3 -u -m seasonal_comparison.timestamp_batch_worker /tmp/tmpfot66fly.json
[WORKER] mpl version: 3.10.5 backend: Agg
[WORKER] cv2 version: 4.12.0
[WORKER] starting
[INFO] Precomputing timestamps...
[WORKER] 3 timestamps in batch
[WORKER] processing idx=0 ts=1650824731.613307

[1/4721] Processing timestamp 1650824731.613307
closest_timestamp:  1650824731613306999
timestamp: 1.650824731613307e+18
delta:  0.0
[INFO] Looking for overlapping frames...
[INFO] Saved debug plot to /media/kristen/easystore2/RestorebotData/benchmarking_ex/matches_fused_2conmod/debug_ellipse_-109360801_38066044.png
